-- phpMyAdmin SQL Dump
-- version 5.1.1
-- https://www.phpmyadmin.net/
--
-- Máy chủ: 127.0.0.1
-- Thời gian đã tạo: Th3 08, 2022 lúc 04:47 PM
-- Phiên bản máy phục vụ: 10.4.22-MariaDB
-- Phiên bản PHP: 8.1.2

SET SQL_MODE = "NO_AUTO_VALUE_ON_ZERO";
START TRANSACTION;
SET time_zone = "+00:00";


/*!40101 SET @OLD_CHARACTER_SET_CLIENT=@@CHARACTER_SET_CLIENT */;
/*!40101 SET @OLD_CHARACTER_SET_RESULTS=@@CHARACTER_SET_RESULTS */;
/*!40101 SET @OLD_COLLATION_CONNECTION=@@COLLATION_CONNECTION */;
/*!40101 SET NAMES utf8mb4 */;

--
-- Cơ sở dữ liệu: `camera`
--

-- --------------------------------------------------------

--
-- Cấu trúc bảng cho bảng `cart`
--

CREATE TABLE `cart` (
  `id` int(11) NOT NULL,
  `idProduct` int(11) NOT NULL,
  `quantity` int(11) NOT NULL,
  `idUser` int(11) NOT NULL,
  `status` int(11) NOT NULL,
  `time` datetime NOT NULL
) ENGINE=InnoDB DEFAULT CHARSET=utf8mb4;

--
-- Đang đổ dữ liệu cho bảng `cart`
--

INSERT INTO `cart` (`id`, `idProduct`, `quantity`, `idUser`, `status`, `time`) VALUES
(6, 64, 30, 1, 0, '2022-03-07 20:53:18'),
(7, 37, 30, 1, 1, '2022-03-08 21:33:36'),
(8, 66, 3, 1, 1, '2022-03-08 22:19:02');

-- --------------------------------------------------------

--
-- Cấu trúc bảng cho bảng `category`
--

CREATE TABLE `category` (
  `id` int(11) NOT NULL,
  `name` varchar(255) NOT NULL
) ENGINE=InnoDB DEFAULT CHARSET=utf8;

--
-- Đang đổ dữ liệu cho bảng `category`
--

INSERT INTO `category` (`id`, `name`) VALUES
(1, ' CPU - Bộ vi xử lý'),
(2, 'Mainboard - Bo mạch chủ'),
(3, 'RAM - Bộ nhớ trong'),
(4, ' Ổ cứng HDD'),
(6, 'Ổ cứng SSD'),
(14, ' ODD - Ổ đĩa quang'),
(21, 'VGA - Card Màn Hình'),
(22, 'Case - Vỏ máy tính'),
(23, ' PSU - Nguồn máy tính');

-- --------------------------------------------------------

--
-- Cấu trúc bảng cho bảng `comment`
--

CREATE TABLE `comment` (
  `id` int(11) NOT NULL,
  `content` text NOT NULL,
  `date_add` timestamp NOT NULL DEFAULT current_timestamp() ON UPDATE current_timestamp(),
  `id_product` int(11) NOT NULL,
  `id_user` int(11) NOT NULL
) ENGINE=InnoDB DEFAULT CHARSET=utf8;

--
-- Đang đổ dữ liệu cho bảng `comment`
--

INSERT INTO `comment` (`id`, `content`, `date_add`, `id_product`, `id_user`) VALUES
(75, 'new product kkk', '2021-05-29 12:46:07', 43, 1),
(90, 'máy ảnh đẹp quá', '2021-06-11 17:55:14', 67, 1),
(92, 'ok', '2021-06-13 02:38:12', 38, 1),
(94, 'cam on ban', '2021-06-13 02:38:47', 38, 1),
(95, '7 ngày miễn phí trả hàng\r\n\r\n', '2021-06-13 02:39:05', 38, 1),
(100, 'z', '2021-06-14 10:09:44', 67, 23),
(101, 'xzx', '2021-06-14 10:41:34', 66, 22),
(102, 'z', '2021-06-14 10:42:03', 66, 1),
(103, 'sản phẩm đẹp quá\r\n', '2021-06-14 10:47:14', 31, 24),
(109, 'hehe\r\n', '2021-06-18 11:19:53', 51, 1);

-- --------------------------------------------------------

--
-- Cấu trúc bảng cho bảng `img_product`
--

CREATE TABLE `img_product` (
  `id` int(11) NOT NULL,
  `image1` text NOT NULL,
  `image2` text NOT NULL,
  `image3` text NOT NULL,
  `id_product` int(11) NOT NULL
) ENGINE=InnoDB DEFAULT CHARSET=utf8;

--
-- Đang đổ dữ liệu cho bảng `img_product`
--

INSERT INTO `img_product` (`id`, `image1`, `image2`, `image3`, `id_product`) VALUES
(4, '250_47569_rog_crosshair_viii_hero__wi_fi__aura_sync_01.png', '250_47570_rog_crosshair_viii_hero_aura_sync_01.png', '250_47571_rog_strix_x570_e_gaming_aura_sync_01.png', 24),
(5, '250_47569_rog_crosshair_viii_hero__wi_fi__aura_sync_01.png', '250_47570_rog_crosshair_viii_hero_aura_sync_01.png', '250_47571_rog_strix_x570_e_gaming_aura_sync_01.png', 26),
(6, '250_63560__fsp_power_supply_model_hd2_850__4_.jpg', '250_59839_coolermaster_1200w__1_.jpg', '250_55704__corsair_rm850x__6_.jpg', 27),
(7, '250_59839_coolermaster_1200w__1_.jpg', '250_55704__corsair_rm850x__6_.jpg', '250_59839_coolermaster_1200w__1_.jpg', 28),
(8, '250_25264_series_core_d3_red.jpg', '250_45560_ssd_kingfast_nvme_m_2_2280_128gb_read_1500mbs_write_500mbs_1.jpg', '250_57920_kingston_8gb_kdm26es8_8hd.jpg', 29),
(9, '250_25631_hdd_seagate_4tb_3_5_inch_5400rpm.jpg', '250_38638_hdd_seagate_ironwolf_nas_10tb.jpg', '250_40792_ssd_wd_green_120gb_sata3_25_doc_545mbs_ghi_465mbs_wds240g2g0a_01.jpg', 30),
(10, '250_55894_cpu_intel_core_i3_10100f_01.jpg', '250_61447_cpu_intel_core_i5_12600k_3_7ghz_turbo_up_to_4_9ghz_10_nhan_16_luong_20mb_cache_125w_socket_intel_lga_1700_alder_lake_1.jpg', '250_58411_cpu_intel_core_i9_11900_2_5ghz_turbo_up_to_5_2ghz_8_nhan_16_luong_16mb_cache_65w_socket_intel_lga_1200_1.jpg', 31),
(11, '250_59839_coolermaster_1200w__1_.jpg', '250_55704__corsair_rm850x__6_.jpg', '250_59839_coolermaster_1200w__1_.jpg', 32),
(12, '250_25264_series_core_d3_red.jpg', '250_45560_ssd_kingfast_nvme_m_2_2280_128gb_read_1500mbs_write_500mbs_1.jpg', '250_51131_ram_corsair__vengeance__lpx.jpg', 33),
(13, 'may-anh-olympus-stylus-tough-tg6-do3.jpg', 'may-anh-olympus-stylus-tough-tg6-do4.jpg', 'may-anh-olympus-stylus-tough-tg6-do5.jpg', 34),
(15, '250_38638_hdd_seagate_ironwolf_nas_10tb.jpg', '250_40792_ssd_wd_green_120gb_sata3_25_doc_545mbs_ghi_465mbs_wds240g2g0a_01.jpg', '250_25631_hdd_seagate_4tb_3_5_inch_5400rpm.jpg', 37),
(16, '250_51399_hdd_wd_gold_1tb35sata_3128mb_cache7200rpm_wd1005fbyz_01.jpg', '250_38638_hdd_seagate_ironwolf_nas_10tb.jpg', '250_51401_hdd_wd_gold_2tb35sata_3128mb_cache7200rpm_wd2005fbyz_01.jpg', 38),
(17, '250_47569_rog_crosshair_viii_hero__wi_fi__aura_sync_01.png', '250_47570_rog_crosshair_viii_hero_aura_sync_01.png', '250_47571_rog_strix_x570_e_gaming_aura_sync_01.png', 39),
(19, '250_60386_cpu_amd_ryzen_7_5700g_65w_2.png', '250_50166_kenoo_atx550_550w_7.jpg', '250_60386_cpu_amd_ryzen_7_5700g_65w_2.png', 41),
(20, '250_25631_hdd_seagate_4tb_3_5_inch_5400rpm.jpg', '250_38638_hdd_seagate_ironwolf_nas_10tb.jpg', '250_40792_ssd_wd_green_120gb_sata3_25_doc_545mbs_ghi_465mbs_wds240g2g0a_01.jpg', 42),
(21, '250_55704__corsair_rm850x__6_.jpg', '250_63560__fsp_power_supply_model_hd2_850__4_.jpg', '250_59839_coolermaster_1200w__1_.jpg', 43),
(22, '250_25264_series_core_d3_red.jpg', '250_45560_ssd_kingfast_nvme_m_2_2280_128gb_read_1500mbs_write_500mbs_1.jpg', '250_47009_corsair_vengeance_pro_rgb.jpg', 44),
(23, '250_61447_cpu_intel_core_i5_12600k_3_7ghz_turbo_up_to_4_9ghz_10_nhan_16_luong_20mb_cache_125w_socket_intel_lga_1700_alder_lake_1.jpg', '250_58411_cpu_intel_core_i9_11900_2_5ghz_turbo_up_to_5_2ghz_8_nhan_16_luong_16mb_cache_65w_socket_intel_lga_1200_1.jpg', '250_55894_cpu_intel_core_i3_10100f_01.jpg', 45),
(24, '250_59839_coolermaster_1200w__1_.jpg', '250_55704__corsair_rm850x__6_.jpg', '250_63560__fsp_power_supply_model_hd2_850__4_.jpg', 46),
(25, '250_61447_cpu_intel_core_i5_12600k_3_7ghz_turbo_up_to_4_9ghz_10_nhan_16_luong_20mb_cache_125w_socket_intel_lga_1700_alder_lake_1.jpg', '250_55894_cpu_intel_core_i3_10100f_01.jpg', '250_55894_cpu_intel_core_i3_10100f_01.jpg', 47),
(26, '250_25264_series_core_d3_red.jpg', '250_45560_ssd_kingfast_nvme_m_2_2280_128gb_read_1500mbs_write_500mbs_1.jpg', '250_51131_ram_corsair__vengeance__lpx.jpg', 48),
(27, '250_25631_hdd_seagate_4tb_3_5_inch_5400rpm.jpg', '250_51401_hdd_wd_gold_2tb35sata_3128mb_cache7200rpm_wd2005fbyz_01.jpg', '250_40792_ssd_wd_green_120gb_sata3_25_doc_545mbs_ghi_465mbs_wds240g2g0a_01.jpg', 50),
(28, '250_51401_hdd_wd_gold_2tb35sata_3128mb_cache7200rpm_wd2005fbyz_01.jpg', '250_25631_hdd_seagate_4tb_3_5_inch_5400rpm.jpg', '250_38638_hdd_seagate_ironwolf_nas_10tb.jpg', 51),
(29, '250_38638_hdd_seagate_ironwolf_nas_10tb.jpg', '250_51401_hdd_wd_gold_2tb35sata_3128mb_cache7200rpm_wd2005fbyz_01.jpg', '250_40792_ssd_wd_green_120gb_sata3_25_doc_545mbs_ghi_465mbs_wds240g2g0a_01.jpg', 52),
(30, '250_47084_nguon_may_tinh_cooler_master_elite_v3_600w_0003_1__2_.jpg', '250_50262_____c___ng_ssd_kingfast_f10_pro_1tb_2_5_inch_sata3.jpg', '250_47084_nguon_may_tinh_cooler_master_elite_v3_600w_0003_1__2_.jpg', 53),
(31, '250_56283_amd_5800x_1000.jpg', '250_61447_cpu_intel_core_i5_12600k_3_7ghz_turbo_up_to_4_9ghz_10_nhan_16_luong_20mb_cache_125w_socket_intel_lga_1700_alder_lake_1.jpg', '250_60386_cpu_amd_ryzen_7_5700g_65w_2.png', 54),
(32, '250_47009_corsair_vengeance_pro_rgb.jpg', '250_57920_kingston_8gb_kdm26es8_8hd.jpg', '250_61306_ram_desktop_corsair_dominator_platinum_rgb_heatspreader_cmt32gx5m2b5200c38_32gb_2x16gb_ddr5_5200mhz_1.jpg', 55),
(33, '250_25264_series_core_d3_red.jpg', '250_51131_ram_corsair__vengeance__lpx.jpg', 'fujifilm-finepix-xp140-white-7-500x500.jpg', 56),
(41, '250_55894_cpu_intel_core_i3_10100f_01.jpg', '250_58411_cpu_intel_core_i9_11900_2_5ghz_turbo_up_to_5_2ghz_8_nhan_16_luong_16mb_cache_65w_socket_intel_lga_1200_1.jpg', '250_56283_amd_5800x_1000.jpg', 64),
(43, '250_49435_hnc_intel_i9_10900x_right_facing_850x850.jpg', '250_55894_cpu_intel_core_i3_10100f_01.jpg', '250_55894_cpu_intel_core_i3_10100f_01.jpg', 66),
(44, '250_56283_amd_5800x_1000.jpg', '250_60386_cpu_amd_ryzen_7_5700g_65w_2.png', '250_60386_cpu_amd_ryzen_7_5700g_65w_2.png', 67);

-- --------------------------------------------------------

--
-- Cấu trúc bảng cho bảng `info`
--

CREATE TABLE `info` (
  `id` int(11) NOT NULL,
  `name` varchar(55) NOT NULL,
  `phone` text NOT NULL,
  `logo` text NOT NULL,
  `color` text NOT NULL,
  `address` text NOT NULL
) ENGINE=InnoDB DEFAULT CHARSET=utf8;

--
-- Đang đổ dữ liệu cho bảng `info`
--

INSERT INTO `info` (`id`, `name`, `phone`, `logo`, `color`, `address`) VALUES
(1, 'Nguyễn Văn Linh', '0369053052', 'logo.png', '#23b7ab', 'FPT Polytechnic');

-- --------------------------------------------------------

--
-- Cấu trúc bảng cho bảng `products`
--

CREATE TABLE `products` (
  `id` int(11) NOT NULL,
  `name` text NOT NULL,
  `cate_id` int(11) NOT NULL,
  `image` text NOT NULL,
  `price` int(11) NOT NULL,
  `sale` int(11) NOT NULL,
  `quantity` int(11) NOT NULL,
  `intro` text NOT NULL,
  `detail` text NOT NULL,
  `view` int(11) NOT NULL
) ENGINE=InnoDB DEFAULT CHARSET=utf8;

--
-- Đang đổ dữ liệu cho bảng `products`
--

INSERT INTO `products` (`id`, `name`, `cate_id`, `image`, `price`, `sale`, `quantity`, `intro`, `detail`, `view`) VALUES
(24, 'MAINBOARD ASUS ROG STRIX X570-E GAMING (AMD X570, SOCKET AM4, ATX, 4 KHE RAM', 2, '250_47571_rog_strix_x570_e_gaming_aura_sync_01.png', 4900000, 0, 20, 'S5200 là máy ảnh có thiết kế thời trang, cho ảnh chụp chất lượng. Trang bị cảm biến BSI CMOS 16MP, ống kính Nikkor zoom quang học 6x, tiêu cự từ 26mm đến 156mm (quy đổi định dạng 35mm).\r\nHơn nữa, máy còn được trang bị nhiều chức năng mới như hiệu ứng Glamour Retouch và tuỳ chọn “continuous” cho chức năng Smile timer...', 'Máy ảnh NIKON COOLPIX S5200\r\nS5200 là máy ảnh có thiết kế thời trang, cho ảnh chụp chất lượng. Trang bị cảm biến BSI CMOS 16MP, ống kính Nikkor zoom quang học 6x, tiêu cự từ 26mm đến 156mm (quy đổi định dạng 35mm).\r\nHơn nữa, máy còn được trang bị nhiều chức năng mới như hiệu ứng Glamour Retouch và tuỳ chọn “continuous” cho chức năng Smile timer...\r\nNhững tính năng chính của COOLPIX S5200\r\nỐng kính Nikkor zoom quang học 6x, tiêu cự từ 25mm đến 156mm (quy đổi định dạng 35mm)\r\n \r\nỐng kính Nikkor zoom 6x được trang bị trên 1 thân máy nhỏ gọn, có thể mang đi khắp nơi.\r\nCảm biến BSI CMOS 16MP cho ảnh chụp đẹp trong điều kiện thiếu sáng như chụp trong nhà và chụp phong cảnh đêm\r\nS5200 được  trang bị cảm biến BSI CMOS 16MP cho ảnh chụp đẹp, ít nhiễu khi chụp trong điều kiện ánh sáng yếu. Những lợi ích của cảm biến rõ ràng nhất với bức ảnh chụp được thực hiện trong các hoàn cảnhánh sáng lờ mờ, chẳng hạn như trong nhà hoặc khi chụp phong cảnh đêm.\r\n \r\n \r\nKết nối Wifi dễ dàng\r\nVới việc tích hợp Wi-Fi, S5200 có thể dễ dàng chia sẽ dữ liệu với các thiết bị thông minh. Điều này cho phép người dùng có thể chuyển ảnh chất lượng cao và phim quay được từ S5200 đến các thiết bị thông minh, từ đó có thể tải lên mạng xã hội một cách dễ dàng. Hơn nữa, khi kết nối với các thiết bị thông minh, người dùng có thể dùng các thiết bị này để điều khiển máy ảnh và có thể tự chụp chân dung của chính mình rất dễ dàng.  \r\n \r\nNắm bắt những điểm tham quan và âm thanh\r\nQuay phim HD 1080p với âm thanh mang lại kỷ niệm của bạn với cuộc sống.', 17),
(26, 'MAINBOARD ASUS ROG X570 CROSSHAIR VIII HERO (AMD X570, SOCKET AM4, ATX, 4 KHE RAM', 2, '250_47570_rog_crosshair_viii_hero_aura_sync_01.png', 10709000, 0, 30, 'S5200 là máy ảnh có thiết kế thời trang, cho ảnh chụp chất lượng. Trang bị cảm biến BSI CMOS 16MP, ống kính Nikkor zoom quang học 6x, tiêu cự từ 26mm đến 156mm (quy đổi định dạng 35mm).', 'Máy ảnh NIKON COOLPIX S5200\r\nS5200 là máy ảnh có thiết kế thời trang, cho ảnh chụp chất lượng. Trang bị cảm biến BSI CMOS 16MP, ống kính Nikkor zoom quang học 6x, tiêu cự từ 26mm đến 156mm (quy đổi định dạng 35mm).\r\nHơn nữa, máy còn được trang bị nhiều chức năng mới như hiệu ứng Glamour Retouch và tuỳ chọn “continuous” cho chức năng Smile timer...\r\nNhững tính năng chính của COOLPIX S5200\r\nỐng kính Nikkor zoom quang học 6x, tiêu cự từ 25mm đến 156mm (quy đổi định dạng 35mm)\r\n \r\nỐng kính Nikkor zoom 6x được trang bị trên 1 thân máy nhỏ gọn, có thể mang đi khắp nơi.\r\nCảm biến BSI CMOS 16MP cho ảnh chụp đẹp trong điều kiện thiếu sáng như chụp trong nhà và chụp phong cảnh đêm\r\nS5200 được  trang bị cảm biến BSI CMOS 16MP cho ảnh chụp đẹp, ít nhiễu khi chụp trong điều kiện ánh sáng yếu. Những lợi ích của cảm biến rõ ràng nhất với bức ảnh chụp được thực hiện trong các hoàn cảnhánh sáng lờ mờ, chẳng hạn như trong nhà hoặc khi chụp phong cảnh đêm.', 4),
(27, 'NGUỒN MÁY TÍNH MSI MAG A550BN 550W ( 80 PLUS BRONZE/MÀU ĐEN)', 23, '250_61260_psu_mag_a550bn__1_.jpg', 1289000, 0, 2, 'Sau một thời gian ra mắt phiên bản NX20 ở phân khúc mirrorless cao cấp, Samsung vừa giới thiệu trước thềm CES 2014 mẫu NX30 được nâng cấp với nhiều cải tiến đáng giá. Không còn phát triển máy ảnh DSLR, Samsung tập trung vào mirrorless với dòng NX hai số, có thiết kế hầm hố, phím điều khiển đa dạng và nhiều tính năng cao cấp. NX30 mang những đường nét quen thuộc của mẫu Galaxy NX nhưng sở hữu tính năng mới gần đây cuả hãng như cảm biến ảnh CMOS 20.3 MP kích thước APS-C, hệ thống lấy nét lai, màn trập 1/8000, dải ISO tối đa 25.600, tích hợp Wi-Fi và NFC. Cùng với sản phẩm này, Samsung cũng giới thiệu dòng ống kính cao cấp Premium S series 16-50mm f/2-2.8 phù hợp với thiết kế thân máy và khả năng chụp ảnh trong nhiều điều kiện khác nhau.', '<h2 class=\"ddnb-title spct-title\" style=\"font-weight: 600; font-size: 22px; margin-bottom: 10px; padding-bottom: 10px; border-bottom: 1px solid rgb(234, 237, 241); color: rgb(34, 34, 34); font-family: -apple-system, BlinkMacSystemFont, &quot;Segoe UI&quot;, Roboto, &quot;Helvetica Neue&quot;, Arial, sans-serif, &quot;Apple Color Emoji&quot;, &quot;Segoe UI Emoji&quot;, &quot;Segoe UI Symbol&quot;;\">Đánh giá FSP Power Supply DAGGER PRO Series Model SDA2-650 - Active PFC 80Plus Gold| chính hãng tại HanoiComputer</h2><h3 align=\"center\" style=\"font-weight: 700; color: rgb(34, 34, 34); font-family: -apple-system, BlinkMacSystemFont, &quot;Segoe UI&quot;, Roboto, &quot;Helvetica Neue&quot;, Arial, sans-serif, &quot;Apple Color Emoji&quot;, &quot;Segoe UI Emoji&quot;, &quot;Segoe UI Symbol&quot;;\">FSP Power Supply DAGGER PRO Series Model SDA2-650 -&nbsp;Active PFC (80 Plus Gold/Full Modular/Màu Đen/SFX)&nbsp;</h3><p style=\"color: rgb(34, 34, 34); font-family: -apple-system, BlinkMacSystemFont, &quot;Segoe UI&quot;, Roboto, &quot;Helvetica Neue&quot;, Arial, sans-serif, &quot;Apple Color Emoji&quot;, &quot;Segoe UI Emoji&quot;, &quot;Segoe UI Symbol&quot;;\"><img src=\"https://hanoicomputercdn.com/media/lib/51461_dagger-pro-v2-111.jpg\" alt=\"FSP Power Supply DAGGER PRO Series Model SDA2-650 - Active PFC (80 Plus Gold/Full Modular/Màu Đen/SFX) giới thiệu1\" width=\"1200\" class=\"loading\" data-was-processed=\"true\" style=\"border-width: initial; border-color: initial; border-image: initial; max-width: 100%; height: auto;\"></p><h3 style=\"font-weight: 700; color: rgb(34, 34, 34); font-family: -apple-system, BlinkMacSystemFont, &quot;Segoe UI&quot;, Roboto, &quot;Helvetica Neue&quot;, Arial, sans-serif, &quot;Apple Color Emoji&quot;, &quot;Segoe UI Emoji&quot;, &quot;Segoe UI Symbol&quot;;\">Nguồn&nbsp;FSP Power Supply DAGGER PRO Series Model SDA2-650</h3><p style=\"color: rgb(34, 34, 34); font-family: -apple-system, BlinkMacSystemFont, &quot;Segoe UI&quot;, Roboto, &quot;Helvetica Neue&quot;, Arial, sans-serif, &quot;Apple Color Emoji&quot;, &quot;Segoe UI Emoji&quot;, &quot;Segoe UI Symbol&quot;;\">Dòng DAGGER PRO tương thích với hầu hết các PC dạng nhỏ Mini-ITX và Micro ATX. Nó là một giải pháp lý tưởng cho các giàn máy tính gia đình nhưng là một thay thế tuyệt vời cho những người đam mê máy tính mini.</p><p style=\"color: rgb(34, 34, 34); font-family: -apple-system, BlinkMacSystemFont, &quot;Segoe UI&quot;, Roboto, &quot;Helvetica Neue&quot;, Arial, sans-serif, &quot;Apple Color Emoji&quot;, &quot;Segoe UI Emoji&quot;, &quot;Segoe UI Symbol&quot;;\">Quản lý cáp nâng cao và cáp Ribbon phẳngThiết kế mô-đun và cáp phẳng&nbsp;cho khả năng&nbsp;lắp đặt dễ dàng hơn. Một giải pháp lý tưởng cho các ứng dụng với các hạn chế về không gian, tăng cường hiệu quả luồng khí tổng thể và quản lý cáp.</p>', 4),
(28, 'NGUỒN FSP POWER SUPPLY MODEL HD2-750, PPA7506904  750W ( 80 PLUS BRONZE/ MÀU', 23, '250_63560__fsp_power_supply_model_hd2_850__4_.jpg', 1699000, 30, 4, 'Chiếc máy ảnh thông minh Samsung WB350F lần đầu tiên ra mắt tại triển lãm công nghệ CES 2014, đây được coi là model thay thế cho người tiền nhiệm WB800F xuất hiện trên thị trường hơn 1 năm nay. WB350F là mẫu máy thuộc dòng Compact. Người dùng không cần biết quá nhiều về nhiếp ảnh, chi với vài thao tác bấm đơn giản là đã có thể lưu giữ các khoảng khắc đẹp, đáng nhớ cùng bạn bè và người thân. Đây là mẫu máy dùng cho nhu cầu gia đình, du lịch.', '<h2 class=\"ddnb-title spct-title\" style=\"font-weight: 600; font-size: 22px; margin-bottom: 10px; padding-bottom: 10px; border-bottom: 1px solid rgb(234, 237, 241); color: rgb(34, 34, 34); font-family: -apple-system, BlinkMacSystemFont, &quot;Segoe UI&quot;, Roboto, &quot;Helvetica Neue&quot;, Arial, sans-serif, &quot;Apple Color Emoji&quot;, &quot;Segoe UI Emoji&quot;, &quot;Segoe UI Symbol&quot;;\">Đánh giá Nguồn FSP Power Supply HYPER M85+ Series Model HA650M Active PFC 80 Plus Bronze| chính hãng tại HanoiComputer</h2><h3 align=\"center\" style=\"font-weight: 700; color: rgb(34, 34, 34); font-family: -apple-system, BlinkMacSystemFont, &quot;Segoe UI&quot;, Roboto, &quot;Helvetica Neue&quot;, Arial, sans-serif, &quot;Apple Color Emoji&quot;, &quot;Segoe UI Emoji&quot;, &quot;Segoe UI Symbol&quot;;\">Nguồn FSP Power Supply HYPER M85+ Series Model HA650M Active PFC (80 Plus Bronze/Direct Cable/Micro ATX/Màu Đen)&nbsp;</h3><p style=\"color: rgb(34, 34, 34); font-family: -apple-system, BlinkMacSystemFont, &quot;Segoe UI&quot;, Roboto, &quot;Helvetica Neue&quot;, Arial, sans-serif, &quot;Apple Color Emoji&quot;, &quot;Segoe UI Emoji&quot;, &quot;Segoe UI Symbol&quot;;\"><img src=\"https://hanoicomputercdn.com/media/lib/24-05-2021/fsp_hyper_m85_650_bronze1.jpg\" alt=\"Nguồn FSP Power Supply HYPER M85+ Series Model HA650M Active PFC (80 Plus Bronze/Direct Cable/Micro ATX/Màu Đen)&nbsp;giới thiệu\" width=\"1200\" class=\"loading\" data-was-processed=\"true\" style=\"border-width: initial; border-color: initial; border-image: initial; max-width: 100%; height: auto;\"></p>', 17),
(29, 'Ổ CỨNG SSD KINGFAST F8N 128GB M.2 2280 PCIE NVME (ĐỌC 1500MB/S - GHI 500MB/S)', 6, '250_45560_ssd_kingfast_nvme_m_2_2280_128gb_read_1500mbs_write_500mbs_1.jpg', 629000, 34, 3, '- Zoom Mạnh Mẽ trong thân máy Nhỏ Gọn\r\nChia sẻ các hình ảnh của bạn thuận tiện với Wi-Fi tích hợp', '- Thưởng thức Zoom Xa trong thân máy Nhỏ Gọn\r\n\r\nTận hưởng sự tiện lợi để tiếp cận các chủ thể của bức ảnh, ngay khi từ khoảng cách xa. Zoom quang học 10x trên ống kính Sony G mang đến hình ảnh sắc nét và chi tiết bằng việc điều chỉnh ống kính tới phía trước hay về sau để thay đổi tiêu cự, vì thế chủ thể của bạn sẽ được phóng to mà không làm mất đi điểm ảnh nào.', 11),
(30, 'HDD WD GOLD (6TB/3.5 INCH/SATA 3/256MB CACHE/7200RPM) (WD6003FRYZ)', 4, '250_50745_hdd_wd_gold_6tb_3_5_inch_sata_3_256mb_cache_7200rpm_wd6003fryz_01.jpg', 6519000, 30, 3, 'Chỉ 17.5mm*, Cyber-shot WX200 nổi bật với thiết kế mỏng và thời trang, Zoom quang học lên đến 10x. Và Wi-Fi tích hợp cũng giúp bạn chia sẻ ngay tức thì các bức ảnh &amp; đoạn phim của bạn với những người thân yêu. Chia sẻ ngay tức thì ngay trên ngón tay của bạn!', 'Chỉ 17.5mm*, Cyber-shot WX200 nổi bật với thiết kế mỏng và thời trang, Zoom quang học lên đến 10x. Và Wi-Fi tích hợp cũng giúp bạn chia sẻ ngay tức thì các bức ảnh &amp; đoạn phim của bạn với những người thân yêu. Chia sẻ ngay tức thì ngay trên ngón tay của bạn!\r\n\r\nTính năng chi tiết:\r\n\r\nZoom mạnh mẽ trong thân máy nhỏ gọn\r\n\r\nChia sẻ các hình ảnh của bạn thuận tiện với Wi-Fi tích hợp\r\n\r\nThưởng thức Zoom xa trong thân máy nhỏ gọN\r\n\r\nTận hưởng sự tiện lợi để tiếp cận các chủ thể của bức ảnh, ngay khi từ khoảng cách xa. Zoom quang học 10x trên ống kính Sony G mang đến hình ảnh sắc nét và chi tiết bằng việc điều chỉnh ống kính tới phía trước hay về sau để thay đổi tiêu cự, vì thế chủ thể của bạn sẽ được phóng to mà không làm mất đi điểm ảnh nào.\r\n\r\nChia Sẻ Tức Thì những kỷ Niệm với Người Thân Yêu', 16),
(31, 'CPU INTEL CORE I3-10100F (3.6GHZ TURBO UP TO 4.3GHZ, 4 NHÂN 8 LUỒNG, 6MB CACHE,', 1, '250_55894_cpu_intel_core_i3_10100f_01.jpg', 2199000, 20, 24, 'Hãy kể lại câu chuyện của bạn và chia sẻ với cả thế giới cùng chiếc máy ảnh IXUS 135 kiểu dáng đẹp mắt cùng khả năng kết nối wifi. Giải pháp ECO Mode tiết kiệm năng lượng giúp bạn chụp được nhiều ảnh hơn mỗi lần sạc và đảm bảo bạn luôn kết nối với bạn bè cho dù bữa tiệc kéo dài cả đêm.', 'ĐẶC ĐIỂM NỔI BẬT\r\nChất lượng hình ảnh rõ nét\r\nMàn hình cảm biến cho độ phân giải lên đến 20MP, bạn sẽ có được những hình ảnh chất lượng nhất. Với máy ảnh Canon IXUS 16MP &amp; Zoom quang học 8x, bạn chỉ cần chọn tư thế chụp ảnh và lấy cảnh, phần còn lại nó sẽ tự lo cho bạn. Chính vì thế nếu bạn là một người không chuyên, bạn hoàn toàn có thể yên tâm về chất lượng khi sử dụng chiếc máy ảnh Canon IXUS 16MP &amp; Zoom quang học 8x.\r\n \r\n\r\nTrang bị thêm nhiều tính năng hiện đại\r\nVới khả năng zoom quang học lên đến 8x, chiếc máy ảnh Canon IXUS 16MP &amp; Zoom quang học 8x cho bạn những bức hình chụp cận cảnh hoặc chụp chân dung sắc nét nhất. Ngoài ra bạn cũng có thể thỏa sức sáng tạo trong mọi tư thế góc nhìn, chụp xa hay chụp gần. Tốc độ chụp ảnh 0.8 ảnh/ giây, giúp bạn có được nhiều hình ảnh lựa chọn trong thời gian ngắn nhất, nhờ đó bạn khó có thể bỏ qua những khoảnh khắc ấn tượng của gia đình, bạn bè trong những chuyến picnic. Nhờ đó bạn sẽ có được những trải nghiệm thú vị cùng với chiếc máy ảnh Canon IXUS 16MP &amp; Zoom quang học 8x.', 20),
(32, 'NGUỒN CORSAIR RM850X 850W (80 PLUS GOLD/ MÀU ĐEN/FULL MODUL)', 23, '250_55704__corsair_rm850x__6_.jpg', 3939000, 0, 7, 'Ricoh WG-70/ Đen là một chiếc máy ảnh nhỏ gọn chắc chắn, không thấm nước ở độ sâu 14 mét, có thể chịu rơi từ độ cao 1,6 mét và có thể sử dụng ở nhiệt độ xuống -10C. Nó có cảm biến CMOS 16MP, ống kính zoom quang Ricoh 5x, màn hình LCD 2,7 \" và quay video 1080/30p', '<div class=\"nd title_box_scroll_content_2019 showmore\" style=\"background-color: rgb(255, 255, 255); padding: 10px 10px 0px; border-radius: 0px 3px 3px; box-shadow: rgba(152, 165, 185, 0.2) 0px 0px 4px 0px; max-height: 725px; overflow: hidden; color: rgb(34, 34, 34); font-family: -apple-system, BlinkMacSystemFont, &quot;Segoe UI&quot;, Roboto, &quot;Helvetica Neue&quot;, Arial, sans-serif, &quot;Apple Color Emoji&quot;, &quot;Segoe UI Emoji&quot;, &quot;Segoe UI Symbol&quot;;\"><h2 class=\"ddnb-title spct-title\" style=\"font-weight: 600; font-size: 22px; margin-bottom: 10px; padding-bottom: 10px; border-bottom: 1px solid rgb(234, 237, 241);\">Đánh giá Nguồn FSP Power Supply HYDRO-GE Series Model HGE650 Active PFC 80 Plus Gold| chính hãng tại HanoiComputer</h2><h3 align=\"center\" style=\"font-weight: 700;\">Nguồn FSP Power Supply HYDRO-GE Series Model HGE650 Active PFC (80 Plus Gold/Full Modular/ ATX/Màu Đen)</h3><p><img src=\"https://hanoicomputercdn.com/media/lib/20-05-2021/fsp_hge650_gold_plus1.jpg\" alt=\"Nguồn FSP Power Supply HYDRO-GE Series Model HGE650 Active PFC (80 Plus Gold/Full Modular/ ATX/Màu Đen) giới thiệu\" width=\"1200\" class=\"loading\" data-was-processed=\"true\" style=\"border-width: initial; border-color: initial; border-image: initial; max-width: 100%; height: auto;\"></p><p>FSP Power Supply HYDRO-GE Series Model HGE650 - Active PFC - 80 Plus Gold - Full Modular, Bộ nguồn máy tính đạt chứng chỉ 80 Plus® Gold, được thiết kế để giảm chi phí vận hành và nhiệt dư thừa và đảm bảo cung cấp năng lượng vững chắc và độ tin cậy lâu dài, cùng việc được trang bị quạt FDB 135mm để tăng lưu lượng khí. Dòng Hydro GE có các sticker logo có thể thay đổi màu sắc để phù hợp với hệ thống</p><p><img src=\"https://hanoicomputercdn.com/media/lib/20-05-2021/fsp_hge650_gold_plus2.jpg\" alt=\"Nguồn FSP Power Supply HYDRO-GE Series Model HGE650 Active PFC (80 Plus Gold/Full Modular/ ATX/Màu Đen) giới thiệu 2\" width=\"1200\" style=\"border-width: initial; border-color: initial; border-image: initial; max-width: 100%; height: auto;\"></p><h3 style=\"font-weight: 700;\">THIẾT KẾ VỚI TOÀN BỘ CÁP RỜI PHẲNG</h3><p>Thiết kế cáp mô-đun đơn giản hóa việc lắp đặt và đi dâ gọn gàng, chỉ lựa chọn những cáp bạn cần trên&nbsp;FSP Power Supply HYDRO-GE Series Model HGE650 - Active PFC - 80 Plus Gold - Full Modular</p><p><img src=\"https://hanoicomputercdn.com/media/lib/20-05-2021/fsp_hge650_gold_plus3.jpg\" alt=\"Nguồn FSP Power Supply HYDRO-GE Series Model HGE650 Active PFC (80 Plus Gold/Full Modular/ ATX/Màu Đen) giới thiệu 3\" width=\"1200\" style=\"border-width: initial; border-color: initial; border-image: initial; max-width: 100%; height: auto;\"></p><h3 style=\"font-weight: 700;\">TINH THẦN DIY</h3><p>Đối với những người đam mê DIY và chơi game ,&nbsp;là bộ nguồn đầu tiên có sticker logo thay đổi, ba loại miếng dán bên có thể thay đổi mà bạn có thể thể hiện phong cách của mình và phù hợp với sở thích của bạn.</p><p><img src=\"https://hanoicomputercdn.com/media/lib/47755_nguon-fsp-hydro-ge-series-model-hge650-white-active-pfc-80-plus-gold-full-modular-micro-atx-box-kem-day-nguon-3.png\" alt=\"Nguồn FSP Power Supply HYDRO-GE Series Model HGE650 Active PFC (80 Plus Gold/Full Modular/ ATX/Màu Đen) giới thiệu 2\" width=\"1200\" style=\"border-width: initial; border-color: initial; border-image: initial; max-width: 100%; height: auto;\"></p><h3 style=\"font-weight: 700;\">MẠCH DC to DC ỔN ĐỊNH , CHẤT LƯỢNG CAO</h3><p>Để có hiệu suất tối đa và điện áp ổn định,&nbsp;FSP Power Supply HYDRO-GE Series Model HGE650 - Active PFC - 80 Plus Gold - Full Modular&nbsp;với thiết kế mạch DC to DC mang lại những lợi ích như khả năng tương thích và độ tin cậy tốt hơn và khả năng tương thích hệ thống cao, đặc biệt là trong chế độ điều tiết chéo.</p><p><img src=\"https://hanoicomputercdn.com/media/lib/47755_nguon-fsp-hydro-ge-series-model-hge650-white-active-pfc-80-plus-gold-full-modular-micro-atx-box-kem-day-nguon-4.png\" alt=\"Nguồn FSP Power Supply HYDRO-GE Series Model HGE650 Active PFC (80 Plus Gold/Full Modular/ ATX/Màu Đen) giới thiệu 4\" width=\"1200\" style=\"border-width: initial; border-color: initial; border-image: initial; max-width: 100%; height: auto;\"></p><h3 style=\"font-weight: 700;\">CHỨNG NHẬN 80 PLUS® GOLD</h3><p>FSP Power Supply HYDRO-GE Series Model HGE650 - Active PFC - 80 Plus Gold - Full Modular&nbsp;đạt Chứng nhận 80 PLUS® Gold, đảm bảo hoạt động với hiệu suất tối thiểu 90% với tải 50% công suất định mức PSU và kết quả là giảm được nhiều chi phí điện.</p><p><img src=\"https://hanoicomputercdn.com/media/lib/47755_nguon-fsp-hydro-ge-series-model-hge650-white-active-pfc-80-plus-gold-full-modular-micro-atx-box-kem-day-nguon-5.png\" alt=\"Nguồn FSP Power Supply HYDRO-GE Series Model HGE650 Active PFC (80 Plus Gold/Full Modular/ ATX/Màu Đen) giới thiệu 80 plus gold\" width=\"1200\" style=\"border-width: initial; border-color: initial; border-image: initial; max-width: 100%; height: auto;\"></p><h3 style=\"font-weight: 700;\">QUẠT ÊM ÁI VÀ BỀN BỈ</h3><p>FSP Power Supply HYDRO-GE Series Model HGE650 - Active PFC - 80 Plus Gold - Full Modular&nbsp;mang trong mình trong Quạt FDB 135mm, cho phép giảm độ ồn trong quá trình hoạt động</p><p><img src=\"https://hanoicomputercdn.com/media/lib/47755_nguon-fsp-hydro-ge-series-model-hge650-white-active-pfc-80-plus-gold-full-modular-micro-atx-box-kem-day-nguon-6.png\" alt=\"Nguồn FSP Power Supply HYDRO-GE Series Model HGE650 Active PFC (80 Plus Gold/Full Modular/ ATX/Màu Đen) giới thiệu 6\" width=\"1200\" style=\"border-width: initial; border-color: initial; border-image: initial; max-width: 100%; height: auto;\"></p><h3 style=\"font-weight: 700;\">100% TỤ ĐIỆN NHẬT BẢN</h3><p>Có được độ tin cậy cao nhất và hiệu suất cao nhất với việc sử dụng các tụ điện điện chất lượng cao nhất do Nhật Bản sản xuất để kéo dài tuổi thọ sản phẩm</p><p><img src=\"https://hanoicomputercdn.com/media/lib/47755_nguon-fsp-hydro-ge-series-model-hge650-white-active-pfc-80-plus-gold-full-modular-micro-atx-box-kem-day-nguon-7.png\" alt=\"Nguồn FSP Power Supply HYDRO-GE Series Model HGE650 Active PFC (80 Plus Gold/Full Modular/ ATX/Màu Đen) giới thiệu 7\" width=\"1200\" style=\"border-width: initial; border-color: initial; border-image: initial; max-width: 100%; height: auto;\"></p></div><div class=\"viewmore-area\" style=\"position: absolute; bottom: 0px; left: 0px; right: 0px; width: 766.662px; height: 150px; padding-top: 85px; text-align: center; border-radius: 0px 0px 5px 5px; background: linear-gradient(rgba(255, 255, 255, 0) 0px, rgba(255, 255, 255, 0.91) 50%, rgb(255, 255, 255) 55%); color: rgb(34, 34, 34); font-family: -apple-system, BlinkMacSystemFont, &quot;Segoe UI&quot;, Roboto, &quot;Helvetica Neue&quot;, Arial, sans-serif, &quot;Apple Color Emoji&quot;, &quot;Segoe UI Emoji&quot;, &quot;Segoe UI Symbol&quot;;\"><a class=\"viewmore\" style=\"cursor: pointer; transition: all 0.2s ease 0s; display: inline-block; height: 28px; line-height: 26px; padding: 0px 10px; background: rgb(255, 255, 255); border: 1px solid rgb(0, 90, 255); border-radius: 2px; color: rgb(0, 90, 255) !important;\">Xem thêm&nbsp;<span class=\"far fa-angle-down\" style=\"font-family: &quot;Font Awesome 5 Pro&quot;;\"></span></a></div>', 3),
(33, 'RAM SERVER & WORKSTATION KINGSTON (KSM26ES8/8HD) 8GB DDR4 2666MHZ ECC', 3, '250_57920_kingston_8gb_kdm26es8_8hd.jpg', 1599000, 0, 32, 'Fujifilm Instax Mini 11 Blush Pink là bản cập nhật năm 2020 của máy ảnh phim lấy liền cổ điển của Instax. Máy ảnh giá cả phải chăng nhất trong dòng sản phẩm \"Mini\" của thương hiệu này, nó có hai pin AA và in ra các bức ảnh có kích thước thẻ tín dụng. Nhỏ hơn so với những người tiền nhiệm, nó có khả năng phơi sáng tự động được cải thiện và ống kính kéo ra tạo ra bức ảnh tự sướng hoàn hảo.', 'Nhìn vào thiết kế, bạn có thể nhầm lẫn máy ảnh Fujifilm Instax Mini 11 Blush Pink với người tiền nhiệm của nó - Instax Mini 9 vì nó trông giống nhau. Nó có thiết kế giống như bong bóng tròn và được làm bằng nhựa mờ. Máy ảnh nhỏ gọn cũng có thể được coi như một món đồ chơi vì thiết kế dễ thương của nó. Lần này, hãng cũng đã làm cho thiết bị nhẹ hơn một chút so với phiên bản trước để dễ mang theo hơn. Ở phía bên phải của máy ảnh, bạn có một báng cầm cứng cáp giúp thiết bị thoải mái khi thao tác bằng một tay.\r\n\r\nMặt trước chứa ống kính và nút nguồn nằm ngay bên cạnh. Nút chụp, đèn flash và kính ngắm nằm ở góc trên cùng bên phải của thiết bị. Fuji cũng đã trang bị hai nút cao su dạng dính, giúp người dùng dễ dàng tìm thấy nút chụp của thiết bị hơn', 12),
(34, 'NGUỒN ARESZE EPS600ELA (80 PLUS /MÀU ĐEN)', 23, '250_9089_aresze_eps600ela_80_plus_0000_1.jpg', 1919000, 0, 12, 'Tough TG-6/ Đỏ là máy ảnh dưới nước cao cấp thế hệ thứ sáu của Olympus. Máy ảnh Olympus Stylus Tough TG-6/ Đỏ có cảm biến 12 Megapixel, ống kính zoom quang 4X và có khả năng chống nước ở độ sâu lên tới 15m, chống bụi, chống sốc từ độ cao lên tới 2,4 mét, đồng thời có thể chịu được nhiệt độ xuống tới -10 độ C. TG-6/ Đỏ vẫn giữ lại ống kính zoom tương đương 25-100mm F2.0-4.9 là ống kính chính của mọi kiểu máy Tough  kể từ TG-1.', '<div class=\"nd title_box_scroll_content_2019 showmore\" style=\"background-color: rgb(255, 255, 255); padding: 10px 10px 0px; border-radius: 0px 3px 3px; box-shadow: rgba(152, 165, 185, 0.2) 0px 0px 4px 0px; max-height: 725px; overflow: hidden; color: rgb(34, 34, 34); font-family: -apple-system, BlinkMacSystemFont, &quot;Segoe UI&quot;, Roboto, &quot;Helvetica Neue&quot;, Arial, sans-serif, &quot;Apple Color Emoji&quot;, &quot;Segoe UI Emoji&quot;, &quot;Segoe UI Symbol&quot;;\"><h2 class=\"ddnb-title spct-title\" style=\"font-weight: 600; font-size: 22px; margin-bottom: 10px; padding-bottom: 10px; border-bottom: 1px solid rgb(234, 237, 241);\">Đánh giá Nguồn Asus ROG Thor 850W Platinum 80 Plus Platinum| chính hãng tại HanoiComputer</h2><h3 align=\"center\" style=\"font-weight: 700;\">Nguồn Asus ROG Thor 850W Platinum - RGB 850W 80 Plus Platinum Full Modular&nbsp;</h3><h3 style=\"font-weight: 700;\"><img src=\"https://hanoicomputercdn.com/media/lib/45769_ASUSThor-850w.jpg\" alt=\"Nguồn Asus ROG Thor 850W Platinum - RGB 850W 80 Plus Platinum Full Modular giới thiệu 1\" width=\"1200\" class=\"loading\" data-was-processed=\"true\" style=\"border-width: initial; border-color: initial; border-image: initial; max-width: 100%; height: auto;\"></h3><p><img src=\"https://hanoicomputercdn.com/media/lib/45769_ASUSThor-850w-2.jpg\" alt=\"Nguồn Asus ROG Thor 850W Platinum - RGB 850W 80 Plus Platinum Full Modular giới thiệu 2\" width=\"1200\" class=\"loading\" data-was-processed=\"true\" style=\"border-width: initial; border-color: initial; border-image: initial; max-width: 100%; height: auto;\"></p><h3 style=\"font-weight: 700;\">Đặc điểm nổi bật nguồn Asus ROG Thor 850W Platinum</h3><p><img src=\"https://hanoicomputercdn.com/media/lib/45769_ROG-Thor-850w-1.jpg\" alt=\"Nguồn Asus ROG Thor 850W Platinum - RGB 850W 80 Plus Platinum Full Modular giới thiệu 3\" width=\"1200\" style=\"border-width: initial; border-color: initial; border-image: initial; max-width: 100%; height: auto;\"><img src=\"https://hanoicomputercdn.com/media/lib/45769_ROG-Thor-850w-2.jpg\" alt=\"Nguồn Asus ROG Thor 850W Platinum - RGB 850W 80 Plus Platinum Full Modular AURA SYNC\" width=\"1200\" style=\"border-width: initial; border-color: initial; border-image: initial; max-width: 100%; height: auto;\"><img src=\"https://hanoicomputercdn.com/media/lib/45769_ROG-Thor-850w-3.jpg\" alt=\"Nguồn Asus ROG Thor 850W Platinum - RGB 850W 80 Plus Platinum Full Modular đèn OLED hiển thị điện năng \" width=\"1200\" style=\"border-width: initial; border-color: initial; border-image: initial; max-width: 100%; height: auto;\"><img src=\"https://hanoicomputercdn.com/media/lib/45769_ROG-Thor-850w-4.jpg\" alt=\"Nguồn Asus ROG Thor 850W Platinum - RGB 850W 80 Plus Platinum Full Modular quạt tản nhiệt\" width=\"1200\" style=\"border-width: initial; border-color: initial; border-image: initial; max-width: 100%; height: auto;\"><img src=\"https://hanoicomputercdn.com/media/lib/45769_ROG-Thor-850w-5.jpg\" alt=\"Nguồn Asus ROG Thor 850W Platinum - RGB 850W 80 Plus Platinum Full Modular tản nhiệt\" width=\"1200\" style=\"border-width: initial; border-color: initial; border-image: initial; max-width: 100%; height: auto;\"><img src=\"https://hanoicomputercdn.com/media/lib/45769_ROG-Thor-850w-6.jpg\" alt=\"Nguồn Asus ROG Thor 850W Platinum - RGB 850W 80 Plus Platinum Full Modular chứng chỉ 80 plus\" width=\"1200\" style=\"border-width: initial; border-color: initial; border-image: initial; max-width: 100%; height: auto;\"><img src=\"https://hanoicomputercdn.com/media/lib/45769_ROG-Thor-850w-7.jpg\" alt=\"Nguồn Asus ROG Thor 850W Platinum - RGB 850W 80 Plus Platinum Full Modular dây bọc lưới\" width=\"1200\" style=\"border-width: initial; border-color: initial; border-image: initial; max-width: 100%; height: auto;\"></p></div><div class=\"viewmore-area\" style=\"position: absolute; bottom: 0px; left: 0px; right: 0px; width: 766.662px; height: 150px; padding-top: 85px; text-align: center; border-radius: 0px 0px 5px 5px; background: linear-gradient(rgba(255, 255, 255, 0) 0px, rgba(255, 255, 255, 0.91) 50%, rgb(255, 255, 255) 55%); color: rgb(34, 34, 34); font-family: -apple-system, BlinkMacSystemFont, &quot;Segoe UI&quot;, Roboto, &quot;Helvetica Neue&quot;, Arial, sans-serif, &quot;Apple Color Emoji&quot;, &quot;Segoe UI Emoji&quot;, &quot;Segoe UI Symbol&quot;;\"><a class=\"viewmore\" style=\"cursor: pointer; transition: all 0.2s ease 0s; display: inline-block; height: 28px; line-height: 26px; padding: 0px 10px; background: rgb(255, 255, 255); border: 1px solid rgb(0, 90, 255); border-radius: 2px; color: rgb(0, 90, 255) !important;\">Xem thêm&nbsp;<span class=\"far fa-angle-down\" style=\"font-family: &quot;Font Awesome 5 Pro&quot;;\"></span></a></div>', 1),
(37, 'Ổ CỨNG SSD WD GREEN 120GB SATA 2.5 INCH (ĐỌC 545MB/S - GHI 430MB/S) - (WDS120G2G0A)', 6, '250_40792_ssd_wd_green_120gb_sata3_25_doc_545mbs_ghi_465mbs_wds240g2g0a_01.jpg', 699000, 10, 4, 'Panasonic S1H là máy ảnh không gương lật toàn khung được thiết kế đặc biệt dành cho các nhà làm phim. Nó bao gồm các tính năng video nâng cao như độ phân giải 6K, ghi nội bộ 4: 2: 2 10-bit, V-Log gamma, phạm vi video, hỗ trợ anamorphic và nhiều chi tiết nhỏ mà một nhà quay phim yêu thích. Như một phần thưởng, nó cũng là một máy ảnh tĩnh 24MP rất hữu ích.', '<div class=\"view-content\" style=\"outline: none; overflow-x: auto; color: rgb(68, 68, 68); font-family: Roboto, sans-serif; font-size: 12px; background-color: rgb(255, 255, 255);\"><div class=\"nd title_box_scroll_content_2019 showmore\" style=\"padding: 10px 10px 0px; border-radius: 0px 3px 3px; box-shadow: rgba(152, 165, 185, 0.2) 0px 0px 4px 0px; max-height: 725px; overflow: hidden; color: rgb(34, 34, 34); font-family: -apple-system, BlinkMacSystemFont, &quot;Segoe UI&quot;, Roboto, &quot;Helvetica Neue&quot;, Arial, sans-serif, &quot;Apple Color Emoji&quot;, &quot;Segoe UI Emoji&quot;, &quot;Segoe UI Symbol&quot;; font-size: 16px;\"><h2 class=\"ddnb-title spct-title\" style=\"font-weight: 600; font-size: 22px; margin-bottom: 10px; padding-bottom: 10px; border-bottom: 1px solid rgb(234, 237, 241);\">Đánh giá Ổ cứng SSD WD Green 120GB SATA 2.5 inch WDS120G2G0A</h2><h3 style=\"font-weight: 700;\">Ổ cứng SSD WD Green</h3><p>Ổ cứng SSD Western Digital Green Sata III là giải pháp tốt nhất để tối ưu hóa hiệu năng của máy tính, cung cấp hiệu suất và độ tin cậy cực cao khi được trang bị tất cả các công nghệ tiên tiến nhất hiện nay. Sản phẩm được kiểm tra, thử nghiệm và đã vượt qua tất cả các bài test trong WD F.I.T Lab, mang đến cho bạn giải pháp nâng cấp máy tính tuyệt vời nhất.</p><p><img src=\"https://hanoicomputercdn.com/media/product/40792_z1996508179193_da24ecd6b94fbc9732daa50157251498.jpg\" alt=\"Ổ cứng SSD WD Green 120GB SATA 2.5 inch\" width=\"100%\" class=\"loading\" data-was-processed=\"true\" style=\"border-width: initial; border-color: initial; border-image: initial; max-width: 100%; height: auto;\"></p><h3 style=\"font-weight: 700;\">Hiệu suất vượt trội</h3><p>Ổ cứng SSD Western Digital Green Sata III có tốc độ đọc lên đến 540MB/s giúp cho các ứng dụng chạy nhanh hơn, thời gian đáp ứng thấp hơn và tăng tốc độ truyền tải dữ liệu. Với ổ cứng SSD Western Digital Green Sata III, bạn sẽ có được một trải nghiệm tuyệt vời trên hệ thống máy tính của bạn và tiết kiệm được rất nhiều thời gian.</p><h3 style=\"font-weight: 700;\">Tuổi thọ cao</h3><p>Với tuổi thọ hoạt động (MTTF) lên đến 1.750.000 giờ, Ổ cứng SSD Western Digital Green Sata III cho chất lượng về độ bền tuyệt vời nhất. Cùng với các công nghệ tự sửa lỗi (ECC), ổ cứng SSD Western Digital Green Sata III sẽ bảo vệ dữ liệu của bạn với độ tin cậy cực kì lâu dài.</p><p><img src=\"https://hanoicomputercdn.com/media/product/40792_z1996508179196_217c5126e2aa6e7b0c95c36fef889dc6.jpg\" alt=\"Ổ cứng SSD WD Green 120GB SATA 2.5 inch\" width=\"100%\" style=\"border-width: initial; border-color: initial; border-image: initial; max-width: 100%; height: auto;\"></p><h3 style=\"font-weight: 700;\">Tối ưu hóa đa nhiệm</h3><p>Ổ cứng SSD Western Digital Green Sata III có thể chạy nhiều ứng dụng đồng thời cùng 1 lúc một cách dễ dàng. Chỉnh sửa video 4K, kiểm tra Email của bạn và quét virus ở chế độ ẩn,... tất cả mọi thứ có thể chạy cùng một lúc mà không hề làm chậm hệ thống của bạn.</p><h3 style=\"font-weight: 700;\">Tương thích mọi máy tính</h3><p>Ổ cứng SSD Western Digital Green Sata III có kích thước chuẩn 2,5 inch và có cả phiên bản M.2 2280, đáp ứng mọi nhu cầu cho các hệ thống máy tính để bàn máy tính xách tay của bạn.</p><p><img src=\"https://hanoicomputercdn.com/media/product/40792_z1996508179194_592fa5f0b1ffde268fe46a5cf461cff7.jpg\" alt=\"Ổ cứng SSD WD Green 120GB SATA 2.5 inch\" width=\"100%\" style=\"border-width: initial; border-color: initial; border-image: initial; max-width: 100%; height: auto;\"></p><h3 style=\"font-weight: 700;\">Chất lượng đã được kiểm chứng</h3><p>Ổ cứng SSD Western Digital Green Sata III đã vượt qua tất cả các bài test về khả năng tương thích và độ tin cậy, và được chứng nhận bởi WD FIT Labs.</p><h3 style=\"font-weight: 700;\">Phần mềm quản lý WD SSD Dashboard đi kèm</h3><p>WD SSD Dashborad cung cấp cho bạn một bộ công cụ mạnh mẽ để theo dõi những thứ như hiệu năng, sức khỏe ổ đĩa, cập nhật phiên bản firmware, các thuộc tính SMART, và nhiều hơn nữa.</p></div><div class=\"viewmore-area\" style=\"position: absolute; bottom: 0px; left: 0px; right: 0px; width: 766.662px; height: 150px; padding-top: 85px; text-align: center; border-radius: 0px 0px 5px 5px; background: linear-gradient(rgba(255, 255, 255, 0) 0px, rgba(255, 255, 255, 0.91) 50%, rgb(255, 255, 255) 55%); color: rgb(34, 34, 34); font-family: -apple-system, BlinkMacSystemFont, &quot;Segoe UI&quot;, Roboto, &quot;Helvetica Neue&quot;, Arial, sans-serif, &quot;Apple Color Emoji&quot;, &quot;Segoe UI Emoji&quot;, &quot;Segoe UI Symbol&quot;; font-size: 16px;\"><a class=\"viewmore\" style=\"cursor: pointer; transition: all 0.2s ease 0s; display: inline-block; height: 28px; line-height: 26px; padding: 0px 10px; background: rgb(255, 255, 255); border: 1px solid rgb(0, 90, 255); border-radius: 2px; color: rgb(0, 90, 255) !important;\">Xem thêm&nbsp;<span class=\"far fa-angle-down\" style=\"font-family: &quot;Font Awesome 5 Pro&quot;;\"></span></a></div></div>', 67),
(38, 'HDD WD GOLD (2TB/3.5/SATA 3/128MB CACHE/7200RPM) (WD2005FBYZ)', 4, '250_51401_hdd_wd_gold_2tb35sata_3128mb_cache7200rpm_wd2005fbyz_01.jpg', 3299000, 24, 58, 'ZV-1/ Trắng là máy ảnh dòng RX100 đầu tiên của Sony được thiết kế đặc biệt cho vlog. Nó thực hiện tốt công việc đó nhờ thân máy nhẹ, tích hợp micrô chất lượng cao, màn hình lật ra, lấy nét tự động tốt nhất trong phân khúc và chất lượng hình ảnh tuyệt vời.', 'ZV-1/ Trắng có cảm biến Exmor RS CMOS 1 inch 20.1MP và bộ xử lý BIONZ X, thiết lập tương tự như dòng RX100 gần đây. Và xem xét hầu hết các máy ảnh nhỏ gọn trong phân khúc này đều có cảm biến 1/2,3 inch, thì cảm biến trên máy ảnh này là một trong những cảm biến lớn nhất trong loại này.\r\n\r\nMẫu máy ảnh Sony ZV-1/ Trắng này cũng có ống kính tương đương ZEISS Vario-Sonnar 24–70 mm F1.8-2.8, được lấy từ RX100 V. Và ống kính này được tích hợp bộ lọc mật độ trung tính (ND) 3-stop, giúp giảm ánh sáng xung quanh.\r\n\r\nKết hợp với khẩu độ tuyệt vời và lớp phủ Zeiss, ống kính tạo ra chất lượng hình ảnh vượt xa trọng lượng của nó. Và nó cung cấp độ sâu trường ảnh nông đẹp mắt và khả năng chụp ảnh ánh sáng yếu có thể sử dụng được.\r\n\r\nSony ZV-1/ Trắng cung cấp tốc độ chụp liên tục 24 khung hình/giây ở chế độ chụp liên tục tốc độ cao, rất phù hợp cho các cảnh hành động và thể thao.', 48),
(39, 'MAINBOARD ASUS ROG X570 CROSSHAIR VIII HERO WIFI (AMD X570, SOCKET AM4, ATX, 4 KHE', 2, '250_47570_rog_crosshair_viii_hero_aura_sync_01.png', 11109000, 20, 4, 'COOLPIX W300 sẽ giúp ghi lại mọi khoảnh khắc với độ rõ nét tuyệt vời nhờ cảm biến chiếu sáng mặt sau 16,05 megapixel và khả năng quay video 4K UHD.', 'Bạn là người trẻ- bạn muốn vi vu khắp nơi , tham gia các trò chơi mạo hiểm hay chỉ để lưu lại những khoảng khắc đáng nhớ bên người thân , bạn bè thì Coolpix 300 vẫn luôn luôn đồng hành cùng bạn trên mọi nẻo đường hay trong mọi cuộc vui của bạn . Nhờ các đặc tính chống nước, chống va đập, chống lạnh, và chống bụi, chiếc máy ảnh COOLPIX W300 sẽ giúp ghi lại mọi khoảnh khắc với độ rõ nét tuyệt vời nhờ cảm biến chiếu sáng mặt sau 16,05 megapixel và khả năng quay video 4K UHD. Dù bạn ở bất cứ đâu, hãy luôn kết nối với SnapBridge để cập nhật cho bạn bè và gia đình về hành trình khám phá của mình.', 25),
(41, 'NGUỒN KENOO ATX550  550W (MÀU TRẮNG)', 23, '250_50166_kenoo_atx550_550w_7.jpg', 309000, 24, 74, 'Máy Ảnh Olympus OM-D E-M1 Mark II (Body) - Hàng Chính Hãng có ngoại hình cổ điển giống với cách mà Fujifilm chinh phục người chơi. Tuy nhiên, ta vẫn có thể nhìn thấy sự khác biệt rất đặc trưng mà Olympus muốn tạo ra. Đáp ứng các nhu cầu cao cấp, hệ thống nút tùy chỉnh được bố trí khá hợp lý với các chức năng cần thiết để thao tác nhanh nhất có thể. Màn hình LCD cảm ứng lật nghiên hỗ trợ chụp ảnh trong nhiều trường hợp cần thiết ở những góc khó. Tuy vậy, máy có kích thước rất gọn gàng đúng chất mirrorless.', 'Cảm biến 20.4MP Live MOS Sensor và TruePic VIII\r\nMáy ảnh tích hợp bộ cảm biến Live MOS độ phân giải 20.4MP và bộ xử lý hình ảnh TruePic VIII có hiệu suất chụp nhanh, cùng chất lượng hình ảnh ấn tượng, độ nhạy mở rộng lên đến ISO 25600 và khả năng quay video 4K. Máy lý tưởng cho chụp hình thể thao và động vật hoang dã, bộ cảm biến và bộ xử lý kết hợp có thể chụp được tốc độ chụp liên tục 60 khung hình/giây khi chụp với chức năng chụp ảnh điện tử im lặng và chế độ chụp một lần, hoặc 18 khung hình/giây với chế độ tự động lấy nét liên tục\r\n\r\nMáy Ảnh Olympus OM-D E-M1 Mark II (Body) - Hàng Chính Hãng\r\n\r\nQuay video DCI và UHD 4K\r\nBộ cảm biến và bộ xử lý cũng hỗ trợ quay phim 4K DCI (4096 x 2160) và UHD (3840 x 2160). Khi làm việc trong DCI, tốc độ khung hình thực được sử dụng là 24.00 fps cùng với độ nén IPB và tốc độ bit 237 Mbps, và UHD 4K có sẵn với tỷ lệ khung hình lên đến 30p và tốc độ bit 102 Mb/s\r\n\r\nGhi hình Full HD 1080p và HD 720p cũng được hỗ trợ. Ghi âm có thể sử dụng micro stereo được tích hợp, tuy nhiên cả hai jack cắm mic bên ngoài và giắc tai nghe đều có sẵn để cải thiện kiểm tra âm thanh.', 48),
(42, 'HDD WD GOLD (1TB/3.5/SATA 3/128MB CACHE/7200RPM) (WD1005FBYZ)', 4, '250_51401_hdd_wd_gold_2tb35sata_3128mb_cache7200rpm_wd2005fbyz_01.jpg', 2399000, 3, 6, 'Sony A6400 Kit 18-135mm F3.5-5.6 OSS/Đen chắc chắn là một trong những chiếc máy ảnh được nhắc đến nhiều nhất trên thị trường hiện nay. Là sản phẩm tiếp theo của A6300 ba năm tuổi và chia sẻ một số tính năng với A6500 đắt tiền hơn, A6400 Kit 18-135mm F3.5-5.6 OSS/Đen là một chiếc máy ảnh tuyệt vời với giá tiền. Sự kết hợp giữa chất lượng hình ảnh tuyệt vời, khả năng lấy nét sắc nét và thân máy nhẹ đẹp khiến nó trở nên hoàn hảo dành cho bạn. ', 'Cảm biến\r\n\r\nMáy ảnh Sony A6400 Kit 18-135mm F3.5-5.6 OSS/Đen có cảm biến CMOS APS-C Exmor 24,2MP, nhưng nhờ có LSI phía trước và bộ xử lý hình ảnh BIONZ X mới nhất, Sony cho rằng tốc độ xử lý nhanh hơn 1,8 lần so với A6300 có thể quản lý.\r\n\r\nNhững cải tiến này cũng cho phép Sony mở rộng trần ISO của máy ảnh mới lên giới hạn trên mở rộng là 102.400, so với 51.200 của A6500 (phạm vi gốc của A6400 là 100-32.000), đồng thời Sony cũng cho biết khả năng tái tạo màu đã được cải thiện đáng kể.', 12),
(43, 'NGUỒN COOLER MASTER MWE GOLD 1250 - V2 1250W (80 PLUS GOLD/MÀU ĐEN/FULL MODULAR)', 23, '250_59839_coolermaster_1200w__1_.jpg', 5499000, 20, 38, 'Ricoh WG-70/ Cam là một chiếc máy ảnh nhỏ gọn chắc chắn, không thấm nước ở độ sâu 14 mét, có thể chịu rơi từ độ cao 1,6 mét và có thể sử dụng ở nhiệt độ xuống -10C. Nó có cảm biến CMOS 16MP, ống kính zoom quang Ricoh 5x, màn hình LCD 2,7 \" và quay video 1080/30p', 'Với cảm biến BSI CMOS 16MP 1/2.3 \", máy ảnh Ricoh WG-70/ Cam có khả năng quay ảnh tĩnh độ phân giải cao và video Full HD 1080p đến 30 khung hình/giây. Cảm biến cũng cung cấp dải nhạy sáng ISO 125-6400, để làm việc ở nhiều loại điều kiện ánh sáng và thiết kế chiếu sáng sau của nó giúp giảm nhiễu để cải thiện độ rõ nét và độ trung thực của màu sắc.', 18),
(44, 'DDRAM III AVEXIR 4GB/1600 (1*4GB) 1CIR - CORE (TẢN NHIỆT - LED ĐỎ)', 3, '250_25264_series_core_d3_red.jpg', 799000, 6, 74, 'Fujifilm FinePix XP140 (Xanh Dương) là chiếc máy ảnh chắc chắn có thể chống thấm nước ở độ sâu 25m, chống va đập đến 1,8m, chống đóng băng đến -10 ° C và chống bụi', ' Máy ảnh có cảm biến BSI-CMOS 16MP, ống kính 28-140mm F3.9-4.9 và quay phim ở chất lượng 4K. Fujifilm FinePix XP140 (Xanh Dương) cũng có thể chia sẻ ảnh qua Wi-Fi, với Bluetooth để dễ dàng ghép nối và truyền hình ảnh.\r\n\r\nCảm biến CMOS 16.4MP\r\n\r\nVới cảm biến CMOS 16,4MP, máy ảnh Fujifilm XP140 (Xanh Dương) có thể tạo ra ảnh tĩnh độ phân giải cao và video UHD 4K15p, đồng thời thiết kế chiếu sáng sau của cảm biến duy trì chất lượng hình ảnh mượt mà và độ nhiễu thấp trong toàn bộ dải nhạy sáng, từ ISO 100-12800.', 5),
(45, 'CPU INTEL CORE I5-12600K (3.7GHZ TURBO UP TO 4.9GHZ, 10 NHÂN 16 LUỒNG, 20MB CACHE,', 1, '250_61447_cpu_intel_core_i5_12600k_3_7ghz_turbo_up_to_4_9ghz_10_nhan_16_luong_20mb_cache_125w_socket_intel_lga_1700_alder_lake_1.jpg', 8199000, 7, 73, 'Máy ảnh Canon Ixus 185/Đen siêu mỏng và thời trang, dễ dàng bỏ vào túi để bạn có thể chụp ảnh và quay phim chất lượng tuyệt vời mọi lúc mọi nơi', 'Ixus 185/Đen kết hợp bộ xử lý hình ảnh DIGIC 4+ với cảm biến 20.0 MP có độ phân giải cao. Với khả năng zoom quang học 8x, bạn có thể dễ dàng chụp được từng khoảnh khắc, bất kể xa hay gần, trong những bức ảnh và bộ phim với chất lượng tuyệt hảo.\r\n\r\nCông nghệ ZoomPlus độc đáo của Canon giúp tăng thêm hệ số zoom lên zoom 16x cho phép người sử dụng bắt trọn đồ vật ở xa với đầy đủ chi tiết sắc nét.\r\n\r\nTính năng thông minh\r\n\r\nMáy ảnh có tính năng tự động dễ dàng có thể được bật bằng cách nhấn và giữ nút chuyên dụng, giúp bạn tắt nút FUNC.SET, MENU và INFO để không còn bị lúng túng trong các trang menu và ngăn chặn những thao tác sai không cần thiết.\r\n\r\nVới tính năng dán nhãn ngày có thể được bật bằng một lần nhấn, bạn giờ có thể gợi lại những kỷ niệm ngay lập tức bằng cách nhìn vào ngày và thời gian được in trên từng tấm ảnh.', 11),
(46, 'NGUỒN MÁY TÍNH COOLER MASTER ELITE V3 230V PC600 600W (MÀU ĐEN)', 23, '250_47084_nguon_may_tinh_cooler_master_elite_v3_600w_0003_1__2_.jpg', 999000, 2, 34, 'Được phát hành vào mùa xuân năm 2016, K-70 Kit DAL 18-55mm F3.5-5.6 WR (Đen) là một trong những máy ảnh DSLR tầm trung ấn tượng nhà Pentax. Chắc chắn, thông minh và mang lại giá trị khá tốt cho đồng tiền, Pentax K-70 24,2MP sẽ thu hút những người sẵn sàng thoát ra khỏi suy nghĩ thu hẹp sự lựa chọn DSLR của họ xuống chỉ Canon hoặc Nikon', 'Máy ảnh Pentax K-70 Kit DAL 18-55mm F3.5-5.6 WR (Đen) được trang bị cảm biến CMOS 24,2MP hoàn toàn mới không có bộ lọc Khử răng cưa và bộ xử lý PRIME M II. Sự kết hợp này mang lại hiệu suất tốt hơn K3 II và K-S2. Vì đây là chiếc máy ảnh tầm trung đầu tiên của Pentax ra mắt cảm biến 24MP nên chất lượng hình ảnh mà chiếc máy ảnh này tạo ra là tuyệt vời. \r\n\r\nHình ảnh sắc nét, độ phơi sáng tốt, độ hoàn màu tự nhiên. Và việc loại bỏ bộ lọc răng cưa làm cho việc làm sắc nét JPEG trở nên phản tác dụng và không cần thiết. Các tệp DNG 14-bit của máy ảnh cũng cung cấp dải động tuyệt vời, với độ ồn và độ sắc nét được kiểm soát tốt trong quá trình xử lý hậu kỳ. Nhìn chung, chất lượng hình ảnh tuyệt vời và được cho là tốt nhất trong dòng Pentax hiện tại, thậm chí còn vượt trội hơn cả K3 II trước đó.\r\n\r\nMáy ảnh cung cấp chức năng kiểm soát độ rõ nét, một công cụ xử lý hình ảnh điều chỉnh độ rõ nét của hình ảnh trong máy ảnh.\r\n\r\nNó có được chức năng hiệu chỉnh tông màu da, giúp làm mềm các kết cấu và tông màu da.\r\n\r\nPentax K-70 Kit DAL 18-55mm F3.5-5.6 WR (Đen) 24,2MP cung cấp tốc độ chụp liên tục 6 khung hình/giây, một cải tiến ổn định so với mức tối đa 5,4 khung hình/giây của K-S2. Độ sâu bộ đệm cũng rất tuyệt vời. Và máy ảnh có thể chụp 40 ảnh JPEG hoặc 10 ảnh RAW trước khi lưu vào bộ đệm, làm cho nó trở thành một tùy chọn khả thi cho các môn thể thao vừa phải.', 3),
(47, 'CPU INTEL CORE I9-11900 (2.5GHZ TURBO UP TO 5.2GHZ, 8 NHÂN 16 LUỒNG, 16MB CACHE, 65W) -', 1, '250_58411_cpu_intel_core_i9_11900_2_5ghz_turbo_up_to_5_2ghz_8_nhan_16_luong_16mb_cache_65w_socket_intel_lga_1200_1.jpg', 11699000, 21, 71, 'Pentax K-1 là máy ảnh DSLR Pentax K-mount full-frame đầu tiên được đưa vào sản xuất. Được tung ra thị trường vào tháng 2 năm 2016, K-1 tiếp tục xu hướng từ dòng K-3/5/7 trở thành máy ảnh dành cho nhiếp ảnh gia với bố cục thân thiện với người dùng và khả năng chụp ảnh tuyệt vời.', 'Pentax K-1 là máy ảnh DSLR Pentax K-mount full-frame đầu tiên được đưa vào sản xuất. Được tung ra thị trường vào tháng 2 năm 2016, K-1 tiếp tục xu hướng từ dòng K-3/5/7 trở thành máy ảnh dành cho nhiếp ảnh gia với bố cục thân thiện với người dùng và khả năng chụp ảnh tuyệt vời.\r\n\r\nCảm biến CMOS Full-Frame 36.4 MP\r\n\r\nPentax K-1 được thiết kế để trở thành máy ảnh SLR kỹ thuật số full-frame mà chủ sở hữu Pentax yêu cầu từ lâu, và với mức giá cạnh tranh, nó có thể hấp dẫn người dùng các hệ thống máy ảnh khác. \r\n\r\nTrái tim của máy ảnh Pentax K-1 là cảm biến CMOS full-frame 36 megapixel với dải ISO từ ISO100 đến ISO204800. Máy ảnh có thể lấy nét xuống -3EV và có 33 điểm AF, với 25 điểm loại chéo này.', 7),
(48, 'RAM DESKTOP CORSAIR VENGEANCE LPX (CMK16GX4M1D3000C16) 16GB', 3, '250_51131_ram_corsair__vengeance__lpx.jpg', 1939000, 0, 19, 'Fujifilm X-S10 đại diện cho một nhánh mới trong dòng X, mang đến sức mạnh và chất lượng của dòng XT, nhưng với hệ thống điều khiển dễ tiếp cận hơn. X-S10 hoàn toàn mới được trang bị cảm biến X-Trans CMOS 4 26,1 megapixel, công cụ xử lý hình ảnh tốc độ cao và ổn định hình ảnh trong cơ thể. Cùng Kyma tìm hiểu để xem chiếc mirrorless tầm trung mới nhất này có gì ấn tượng nhé', 'Fuji X-S10 là một máy ảnh không gương lật APS-C rất di động và nhỏ gọn, nhưng không giống như các máy ảnh dòng X lớn hơn như X-T4, X-S10 có báng cầm tay sâu hơn, \"giống SLR\" hơn - - làm cho nó gợi nhớ hơn một chút về X-H1 vạm vỡ. Tuy nhiên, X-S10 có thể dễ dàng nằm gọn trong lòng bàn tay của bạn, chỉ nặng 465g và có kích thước 126.0 x 85.1 x 65.4 mm.\r\n\r\nNgoài báng cầm tay sâu hơn, điểm khác biệt về thiết kế đáng chú ý khác ở X-S10 so với máy ảnh dòng Fuji X là các vòng xoay điều khiển thông số ISO, tốc độ màn trập cũng đã được loại bỏ để chuyển về hệ thống nút xoay chế độ, giống với những dòng máy DSLR.\r\n\r\nVề màn hình, máy ảnh Fujifilm X-S10 này có màn hình cảm ứng LCD có thể thay đổi góc hoàn toàn khớp nối với khả năng quay mặt trước. Màn hình cảm ứng LCD 3,0 inch có độ phân giải xấp xỉ 1,04 triệu điểm và cung cấp phạm vi trường ảnh 100%. Trong khi đó, EVF ít nhiều giống với EVF trên X-T30, có tấm nền OLED 0,39 inch với độ phân giải 2,36 triệu điểm và cung cấp hệ số phóng đại 0,62x.\r\n\r\nMột vài khác biệt đáng chú ý khác giữa máy ảnh này và người anh em X-T4 lớn hơn của nó là nó chỉ sử dụng một khe cắm thẻ nhớ SD UHS-I duy nhất.', 19);
INSERT INTO `products` (`id`, `name`, `cate_id`, `image`, `price`, `sale`, `quantity`, `intro`, `detail`, `view`) VALUES
(50, 'Ổ CỨNG HDD WD 1TB BLUE 3.5 INCH, 7200RPM, SATA, 64MB CACHE (WD10EZEX)', 4, '250_38638_hdd_seagate_ironwolf_nas_10tb.jpg', 929000, 20, 56, 'Quay Vlog giờ đây đã trở nên cực kỳ dễ dàng với Sony ZV-1 chiếc máy ảnh compact nhỏ gọn được sinh ra để dành riêng cho các Vlogger sáng tạo nội dung video hay những người hay livestream để bán hàng, sản xuất video chơi game... Tốc độ lấy nét nhanh, Eye AF liên tục và một thiết kế nhỏ gọn để bạn có thể mang tới bất cứ nơi đâu trong chuyến đi của mình.', '<p style=\"outline: none; line-height: 20px; font-size: 14px; max-width: 100%; color: rgb(68, 68, 68); font-family: \" open=\"\" sans\",=\"\" sans-serif;=\"\" background-color:=\"\" rgb(255,=\"\" 255,=\"\" 255);=\"\" margin-left:=\"\" 0cm;=\"\" margin-right:=\"\" text-align:=\"\" justify;\"=\"\"><span style=\"outline: none; line-height: 1.6;\"><span style=\"outline: none; line-height: 1.6; font-family: Arial, Helvetica, sans-serif;\">ZV-1 là máy ảnh dòng RX100 đầu tiên của Sony được thiết kế đặc biệt cho vlog.&nbsp;Nó thực hiện tốt công việc đó nhờ thân máy nhẹ, tích hợp micrô chất lượng cao, màn hình lật ra, lấy nét tự động tốt nhất trong phân khúc và chất lượng hình ảnh tuyệt vời.</span></span></p><p style=\"outline: none; line-height: 20px; font-size: 14px; max-width: 100%; color: rgb(68, 68, 68); font-family: \" open=\"\" sans\",=\"\" sans-serif;=\"\" background-color:=\"\" rgb(255,=\"\" 255,=\"\" 255);=\"\" text-align:=\"\" center;\"=\"\"><iframe frameborder=\"0\" height=\"409\" src=\"https://www.youtube.com/embed/Wp5SeAnEHtQ\" title=\"YouTube video player\" width=\"650\" style=\"outline: none; line-height: 20px; max-width: 100%;\"></iframe></p><p style=\"outline: none; line-height: 20px; font-size: 14px; max-width: 100%; color: rgb(68, 68, 68); font-family: \" open=\"\" sans\",=\"\" sans-serif;=\"\" background-color:=\"\" rgb(255,=\"\" 255,=\"\" 255);=\"\" margin-left:=\"\" 0cm;=\"\" margin-right:=\"\" text-align:=\"\" justify;\"=\"\"><strong style=\"outline: none; line-height: 1.6;\"><span style=\"outline: none; line-height: 1.6;\"><span style=\"outline: none; line-height: 1.6; font-family: Arial, Helvetica, sans-serif;\">Chất lượng hình ảnh</span></span></strong></p><p style=\"outline: none; line-height: 20px; font-size: 14px; max-width: 100%; color: rgb(68, 68, 68); font-family: \" open=\"\" sans\",=\"\" sans-serif;=\"\" background-color:=\"\" rgb(255,=\"\" 255,=\"\" 255);=\"\" margin-left:=\"\" 0cm;=\"\" margin-right:=\"\" text-align:=\"\" justify;\"=\"\"><span style=\"outline: none; line-height: 1.6;\"><span style=\"outline: none; line-height: 1.6; font-family: Arial, Helvetica, sans-serif;\">ZV-1 có cảm biến Exmor RS CMOS 1 inch 20.1MP và bộ xử lý BIONZ X, thiết lập tương tự như dòng RX100 gần đây.&nbsp;Và xem xét hầu hết các&nbsp;<span style=\"outline: none; line-height: 1.6;\">máy ảnh&nbsp;</span>nhỏ gọn trong phân khúc này đều có cảm biến 1/2,3 inch, thì cảm biến trên máy ảnh này là một trong những cảm biến lớn nhất trong loại này.</span></span></p><p style=\"outline: none; line-height: 20px; font-size: 14px; max-width: 100%; color: rgb(68, 68, 68); font-family: \" open=\"\" sans\",=\"\" sans-serif;=\"\" background-color:=\"\" rgb(255,=\"\" 255,=\"\" 255);=\"\" margin-left:=\"\" 0cm;=\"\" margin-right:=\"\" text-align:=\"\" justify;\"=\"\"><span style=\"outline: none; line-height: 1.6;\"><span style=\"outline: none; line-height: 1.6; font-family: Arial, Helvetica, sans-serif;\">Mẫu&nbsp;<a href=\"https://kyma.vn/sony-zv-1.html\" style=\"outline: none; color: rgb(68, 68, 68); cursor: pointer; line-height: 1.6;\"><span style=\"outline: none; line-height: 1.6; color: rgb(243, 156, 18);\"><strong style=\"outline: none; line-height: 1.6;\">máy ảnh Sony ZV-1</strong></span></a>&nbsp;này cũng có ống kính tương đương ZEISS Vario-Sonnar 24–70 mm F1.8-2.8, được lấy từ RX100 V. Và ống kính này được tích hợp bộ lọc mật độ trung tính (ND) 3-stop, giúp giảm ánh sáng xung quanh.</span></span></p><p style=\"outline: none; line-height: 20px; font-size: 14px; max-width: 100%; color: rgb(68, 68, 68); font-family: \" open=\"\" sans\",=\"\" sans-serif;=\"\" background-color:=\"\" rgb(255,=\"\" 255,=\"\" 255);=\"\" margin-left:=\"\" 0cm;=\"\" margin-right:=\"\" text-align:=\"\" justify;\"=\"\"><span style=\"outline: none; line-height: 1.6;\"><span style=\"outline: none; line-height: 1.6; font-family: Arial, Helvetica, sans-serif;\">Kết hợp với khẩu độ tuyệt vời và lớp phủ Zeiss, ống kính tạo ra chất lượng hình ảnh vượt xa trọng lượng của nó.&nbsp;Và nó cung cấp độ sâu trường ảnh nông đẹp mắt và khả năng chụp ảnh ánh sáng yếu có thể sử dụng được.</span></span></p><p style=\"outline: none; line-height: 20px; font-size: 14px; max-width: 100%; color: rgb(68, 68, 68); font-family: \" open=\"\" sans\",=\"\" sans-serif;=\"\" background-color:=\"\" rgb(255,=\"\" 255,=\"\" 255);=\"\" margin-left:=\"\" 0cm;=\"\" margin-right:=\"\" text-align:=\"\" justify;\"=\"\"><span style=\"outline: none; line-height: 1.6;\"><span style=\"outline: none; line-height: 1.6; font-family: Arial, Helvetica, sans-serif;\">Sony ZV-1&nbsp;cung cấp tốc độ chụp liên tục 24 khung hình/giây ở chế độ chụp liên tục tốc độ cao, rất phù hợp cho các cảnh hành động và thể thao.</span></span></p><p style=\"outline: none; line-height: 20px; font-size: 14px; max-width: 100%; color: rgb(68, 68, 68); font-family: \" open=\"\" sans\",=\"\" sans-serif;=\"\" background-color:=\"\" rgb(255,=\"\" 255,=\"\" 255);=\"\" margin-left:=\"\" 0cm;=\"\" margin-right:=\"\" text-align:=\"\" center;\"=\"\"><img alt=\"\" src=\"https://kyma.vn/StoreData/images/pagedata/sony-zv1.jpg\" style=\"outline: none; max-width: 100%; max-height: 100%; line-height: 20px; width: 580px;\"></p><div style=\"outline: none; line-height: 20px; font-size: 14px; max-width: 100%; color: rgb(68, 68, 68); font-family: \" open=\"\" sans\",=\"\" sans-serif;=\"\" background:=\"\" rgb(238,=\"\" 238,=\"\" 238);=\"\" border:=\"\" 1px=\"\" solid=\"\" rgb(204,=\"\" 204,=\"\" 204);=\"\" padding:=\"\" 5px=\"\" 10px;\"=\"\"><span style=\"outline: none; line-height: 1.6;\"><span style=\"outline: none; line-height: 1.6; font-family: Arial, Helvetica, sans-serif;\">Xem thêm:&nbsp;<a href=\"https://kyma.vn/may-anh-sony/\" style=\"outline: none; color: rgb(68, 68, 68); cursor: pointer; line-height: 1.6;\"><span style=\"outline: none; line-height: 1.6; color: rgb(243, 156, 18);\"><strong style=\"outline: none; line-height: 1.6;\">Máy ảnh Sony</strong></span></a>&nbsp;</span></span></div><p style=\"outline: none; line-height: 20px; font-size: 14px; max-width: 100%; color: rgb(68, 68, 68); font-family: \" open=\"\" sans\",=\"\" sans-serif;=\"\" background-color:=\"\" rgb(255,=\"\" 255,=\"\" 255);=\"\" margin-left:=\"\" 0cm;=\"\" margin-right:=\"\" text-align:=\"\" justify;\"=\"\"><strong style=\"outline: none; line-height: 1.6;\"><span style=\"outline: none; line-height: 1.6;\"><span style=\"outline: none; line-height: 1.6; font-family: Arial, Helvetica, sans-serif;\">Chất lượng video</span></span></strong></p><p style=\"outline: none; line-height: 20px; font-size: 14px; max-width: 100%; color: rgb(68, 68, 68); font-family: \" open=\"\" sans\",=\"\" sans-serif;=\"\" background-color:=\"\" rgb(255,=\"\" 255,=\"\" 255);=\"\" margin-left:=\"\" 0cm;=\"\" margin-right:=\"\" text-align:=\"\" justify;\"=\"\"><span style=\"outline: none; line-height: 1.6;\"><span style=\"outline: none; line-height: 1.6; font-family: Arial, Helvetica, sans-serif;\">Sony ZV-1&nbsp;có tính năng video 4K UHD chưa được cắt lên đến 30 khung hình/giây và 1080p full HD lên đến 120 khung hình/giây, với khả năng đọc pixel đầy đủ.&nbsp;Cả hai chế độ video đều quay ở&nbsp;định dạng&nbsp;XAVC&nbsp;S với tốc độ bit 100 Mbps.&nbsp;</span></span></p><p style=\"outline: none; line-height: 20px; font-size: 14px; max-width: 100%; color: rgb(68, 68, 68); font-family: \" open=\"\" sans\",=\"\" sans-serif;=\"\" background-color:=\"\" rgb(255,=\"\" 255,=\"\" 255);=\"\" margin-left:=\"\" 0cm;=\"\" margin-right:=\"\" text-align:=\"\" justify;\"=\"\"><span style=\"outline: none; line-height: 1.6;\"><span style=\"outline: none; line-height: 1.6; font-family: Arial, Helvetica, sans-serif;\">Điểm mới của máy ảnh này là định dạng video dọc.&nbsp;Và giờ đây, máy ảnh lưu hướng chụp như một phần của siêu dữ liệu để phát lại theo chiều dọc thích hợp trên điện thoại thông minh.&nbsp;Cho đến nay, nó là máy ảnh duy nhất có được tính năng này.&nbsp;Tuy nhiên, nó hữu ích và tiết kiệm thời gian chỉnh sửa khi tải lên các câu chuyện trên Instagram hoặc Facebook.</span></span></p><p style=\"outline: none; line-height: 20px; font-size: 14px; max-width: 100%; color: rgb(68, 68, 68); font-family: \" open=\"\" sans\",=\"\" sans-serif;=\"\" background-color:=\"\" rgb(255,=\"\" 255,=\"\" 255);=\"\" margin-left:=\"\" 0cm;=\"\" margin-right:=\"\" text-align:=\"\" justify;\"=\"\"><span style=\"outline: none; line-height: 1.6;\"><span style=\"outline: none; line-height: 1.6; font-family: Arial, Helvetica, sans-serif;\">Các nhà quay phim cũng sẽ vui mừng khi biết máy ảnh có được tất cả các cấu hình hình ảnh nâng cao mà Sony cung cấp, bao gồm các cấu hình S-Log, Cine, Rec709 và HLG của họ.</span></span></p><p style=\"outline: none; line-height: 20px; font-size: 14px; max-width: 100%; color: rgb(68, 68, 68); font-family: \" open=\"\" sans\",=\"\" sans-serif;=\"\" background-color:=\"\" rgb(255,=\"\" 255,=\"\" 255);=\"\" margin-left:=\"\" 0cm;=\"\" margin-right:=\"\" text-align:=\"\" justify;\"=\"\"><span style=\"outline: none; line-height: 1.6;\"><span style=\"outline: none; line-height: 1.6; font-family: Arial, Helvetica, sans-serif;\">Máy ảnh này cũng thừa hưởng tính năng Ghi Proxy từ sê-ri a6000, đồng thời ghi phim 720p tốc độ bit thấp khi quay video XAVC S cao hơn.&nbsp;Chế độ này hoàn hảo để chuyển các cảnh quay đã chụp sang điện thoại thông minh để chia sẻ trực tuyến ngay lập tức.</span></span></p><p style=\"outline: none; line-height: 20px; font-size: 14px; max-width: 100%; color: rgb(68, 68, 68); font-family: \" open=\"\" sans\",=\"\" sans-serif;=\"\" background-color:=\"\" rgb(255,=\"\" 255,=\"\" 255);=\"\" margin-left:=\"\" 0cm;=\"\" margin-right:=\"\" text-align:=\"\" justify;\"=\"\"><span style=\"outline: none; line-height: 1.6;\"><span style=\"outline: none; line-height: 1.6; font-family: Arial, Helvetica, sans-serif;\">ZV-1 cũng có thể tạo ra các video chuyển động siêu chậm hoặc chuyển động nhanh.&nbsp;Trong trường hợp này, nó quay video ở 240, 480 hoặc 960 khung hình/giây cho chuyển động cực chậm.</span></span></p><p style=\"outline: none; line-height: 20px; font-size: 14px; max-width: 100%; color: rgb(68, 68, 68); font-family: \" open=\"\" sans\",=\"\" sans-serif;=\"\" background-color:=\"\" rgb(255,=\"\" 255,=\"\" 255);=\"\" margin-left:=\"\" 0cm;=\"\" margin-right:=\"\" text-align:=\"\" justify;\"=\"\"><span style=\"outline: none; line-height: 1.6;\"><span style=\"outline: none; line-height: 1.6; font-family: Arial, Helvetica, sans-serif;\">Máy ảnh này cũng cung cấp đầu ra 8-bit 4: 2: 2 thông qua đầu ra HDMI, để sử dụng với đầu ghi bên ngoài.</span></span></p><p style=\"outline: none; line-height: 20px; font-size: 14px; max-width: 100%; color: rgb(68, 68, 68); font-family: \" open=\"\" sans\",=\"\" sans-serif;=\"\" background-color:=\"\" rgb(255,=\"\" 255,=\"\" 255);=\"\" margin-left:=\"\" 0cm;=\"\" margin-right:=\"\" text-align:=\"\" justify;\"=\"\">&nbsp;</p><p style=\"outline: none; line-height: 20px; font-size: 14px; max-width: 100%; color: rgb(68, 68, 68); font-family: \" open=\"\" sans\",=\"\" sans-serif;=\"\" background-color:=\"\" rgb(255,=\"\" 255,=\"\" 255);=\"\" margin-left:=\"\" 0cm;=\"\" margin-right:=\"\" text-align:=\"\" center;\"=\"\"><span style=\"outline: none; line-height: 1.6;\"><span style=\"outline: none; line-height: 1.6; font-family: Arial, Helvetica, sans-serif;\"><img alt=\"\" src=\"https://kyma.vn/StoreData/images/PageData/sony-zv-1-2.jpg\" style=\"outline: none; max-width: 100%; max-height: 100%; line-height: 20px; width: 450px;\"></span></span></p><p style=\"outline: none; line-height: 20px; font-size: 14px; max-width: 100%; color: rgb(68, 68, 68); font-family: \" open=\"\" sans\",=\"\" sans-serif;=\"\" background-color:=\"\" rgb(255,=\"\" 255,=\"\" 255);=\"\" margin-left:=\"\" 0cm;=\"\" margin-right:=\"\" text-align:=\"\" justify;\"=\"\"><strong style=\"outline: none; line-height: 1.6;\"><span style=\"outline: none; line-height: 1.6;\"><span style=\"outline: none; line-height: 1.6; font-family: Arial, Helvetica, sans-serif;\">Hiệu suất ánh sáng yếu</span></span></strong></p><p style=\"outline: none; line-height: 20px; font-size: 14px; max-width: 100%; color: rgb(68, 68, 68); font-family: \" open=\"\" sans\",=\"\" sans-serif;=\"\" background-color:=\"\" rgb(255,=\"\" 255,=\"\" 255);=\"\" margin-left:=\"\" 0cm;=\"\" margin-right:=\"\" text-align:=\"\" justify;\"=\"\"><span style=\"outline: none; line-height: 1.6;\"><span style=\"outline: none; line-height: 1.6; font-family: Arial, Helvetica, sans-serif;\">Hiệu suất ánh sáng yếu là tốt cho một máy ảnh nhỏ gọn. Máy ảnh ZV-1&nbsp;có dải ISO gốc từ ISO 100 đến 12.800 và người dùng có thể mong đợi kết quả có thể sử dụng lên đến ISO 3.200.</span></span></p><p style=\"outline: none; line-height: 20px; font-size: 14px; max-width: 100%; color: rgb(68, 68, 68); font-family: \" open=\"\" sans\",=\"\" sans-serif;=\"\" background-color:=\"\" rgb(255,=\"\" 255,=\"\" 255);=\"\" margin-left:=\"\" 0cm;=\"\" margin-right:=\"\" text-align:=\"\" justify;\"=\"\"><strong style=\"outline: none; line-height: 1.6;\"><span style=\"outline: none; line-height: 1.6;\"><span style=\"outline: none; line-height: 1.6; font-family: Arial, Helvetica, sans-serif;\">Hệ thống lấy nét</span></span></strong></p><p style=\"outline: none; line-height: 20px; font-size: 14px; max-width: 100%; color: rgb(68, 68, 68); font-family: \" open=\"\" sans\",=\"\" sans-serif;=\"\" background-color:=\"\" rgb(255,=\"\" 255,=\"\" 255);=\"\" margin-left:=\"\" 0cm;=\"\" margin-right:=\"\" text-align:=\"\" justify;\"=\"\"><span style=\"outline: none; line-height: 1.6;\"><span style=\"outline: none; line-height: 1.6; font-family: Arial, Helvetica, sans-serif;\">ZV-1 có hệ thống AF Fast Hybrid mới nhất của Sony, trong đó 315 điểm sử dụng nhận diện theo pha và 425 điểm sử dụng phát hiện tương phản.&nbsp;Hệ thống này cũng có được tính năng lấy nét tự động thời gian thực nổi tiếng của Sony cho cả ảnh tĩnh và video cộng với lấy nét tự động theo mắt cho người và động vật.</span></span></p><p style=\"outline: none; line-height: 20px; font-size: 14px; max-width: 100%; color: rgb(68, 68, 68); font-family: \" open=\"\" sans\",=\"\" sans-serif;=\"\" background-color:=\"\" rgb(255,=\"\" 255,=\"\" 255);=\"\" margin-left:=\"\" 0cm;=\"\" margin-right:=\"\" text-align:=\"\" justify;\"=\"\"><strong style=\"outline: none; line-height: 1.6;\"><span style=\"outline: none; line-height: 1.6;\"><span style=\"outline: none; line-height: 1.6; font-family: Arial, Helvetica, sans-serif;\">Hiển thị và kính ngắm</span></span></strong></p><p style=\"outline: none; line-height: 20px; font-size: 14px; max-width: 100%; color: rgb(68, 68, 68); font-family: \" open=\"\" sans\",=\"\" sans-serif;=\"\" background-color:=\"\" rgb(255,=\"\" 255,=\"\" 255);=\"\" margin-left:=\"\" 0cm;=\"\" margin-right:=\"\" text-align:=\"\" justify;\"=\"\"><span style=\"outline: none; line-height: 1.6;\"><span style=\"outline: none; line-height: 1.6; font-family: Arial, Helvetica, sans-serif;\">Máy có màn hình TFT LCD cảm ứng 3.0 inch với độ phân giải 921K điểm.&nbsp;Và giờ đây, nó chính thức đánh dấu chiếc máy ảnh nhỏ gọn đầu tiên của Sony có màn hình khớp nối hoàn toàn với bản lề và là chiếc máy ảnh đầu tiên đưa sản phẩm này ra thị trường.</span></span></p><p style=\"outline: none; line-height: 20px; font-size: 14px; max-width: 100%; color: rgb(68, 68, 68); font-family: \" open=\"\" sans\",=\"\" sans-serif;=\"\" background-color:=\"\" rgb(255,=\"\" 255,=\"\" 255);=\"\" margin-left:=\"\" 0cm;=\"\" margin-right:=\"\" text-align:=\"\" justify;\"=\"\"><span style=\"outline: none; line-height: 1.6;\"><span style=\"outline: none; line-height: 1.6; font-family: Arial, Helvetica, sans-serif;\">Tất cả các đối thủ khác, bao gồm cả dòng sản phẩm RX100 của Sony, đều sử dụng màn hình nghiêng, có thể là lật lên hoặc lật xuống.&nbsp;Tuy nhiên, thiết kế này là sự lựa chọn lý tưởng vì nó cung cấp tính linh hoạt tối đa cho cả chụp ở góc cao hoặc góc thấp.&nbsp;</span></span></p><p style=\"outline: none; line-height: 20px; font-size: 14px; max-width: 100%; color: rgb(68, 68, 68); font-family: \" open=\"\" sans\",=\"\" sans-serif;=\"\" background-color:=\"\" rgb(255,=\"\" 255,=\"\" 255);=\"\" margin-left:=\"\" 0cm;=\"\" margin-right:=\"\" text-align:=\"\" justify;\"=\"\"><span style=\"outline: none; line-height: 1.6;\"><span style=\"outline: none; line-height: 1.6; font-family: Arial, Helvetica, sans-serif;\">Bản thân màn hình cũng cung cấp góc nhìn tuyệt vời và đủ độ sáng để chụp ảnh ngoài trời.&nbsp;Nó khá sắc nét với độ hoàn màu tốt.&nbsp;Và vì là màn hình cảm ứng nên nó cũng hỗ trợ các cử chỉ hữu ích như lấy nét cảm ứng, màn trập cảm ứng và theo dõi.</span></span></p><p style=\"outline: none; line-height: 20px; font-size: 14px; max-width: 100%; color: rgb(68, 68, 68); font-family: \" open=\"\" sans\",=\"\" sans-serif;=\"\" background-color:=\"\" rgb(255,=\"\" 255,=\"\" 255);=\"\" margin-left:=\"\" 0cm;=\"\" margin-right:=\"\" text-align:=\"\" justify;\"=\"\"><span style=\"outline: none; line-height: 1.6;\"><span style=\"outline: none; line-height: 1.6; font-family: Arial, Helvetica, sans-serif;\">Cũng cần lưu ý, nếu bạn đóng màn hình hướng vào trong, máy ảnh sẽ tự động tắt, rất hữu ích.</span></span></p><p style=\"outline: none; line-height: 20px; font-size: 14px; max-width: 100%; color: rgb(68, 68, 68); font-family: \" open=\"\" sans\",=\"\" sans-serif;=\"\" background-color:=\"\" rgb(255,=\"\" 255,=\"\" 255);=\"\" margin-left:=\"\" 0cm;=\"\" margin-right:=\"\" text-align:=\"\" center;\"=\"\"><img alt=\"\" src=\"https://kyma.vn/StoreData/images/PageData/sony-zv-1-3(1).jpg\" style=\"outline: none; max-width: 100%; max-height: 100%; line-height: 20px; width: 570px;\"></p>', 81),
(51, 'Ổ CỨNG HDD SEAGATE BARRACUDA 4TB 3.5 INCH 5400RPM, SATA, 256MB CACHE', 4, '250_25631_hdd_seagate_4tb_3_5_inch_5400rpm.jpg', 2459000, 20, 54, 'Sony RX 100 Mark VII có thiết kế tương đối  nhỏ gọn. Máy ảnh có trọng lượng khoảng 302g, đây là con số tương đối nhỏ cho một chiếc máy ảnh tích hợp đầy đủ các tính năng như Sony RX 100 Mark VII. Máy ảnh trang bị màn hình cảm ứng 3 inch với 921.600 điểm ảnh cho phép người dùng có thể thao tác một cách dễ dàng. Thiết kế màn hình phù hợp với chụp ảnh/quay video ở nhiều góc độ khác nhau.', 'Thiết kế của Sony RX 100 Mark VII\r\nLà máy ảnh compact nên Sony RX 100 Mark VII có thiết kế tương đối nhỏ gọn. Máy ảnh có trọng lượng khoảng 302g, đây là con số tương đối nhỏ cho một chiếc máy ảnh tích hợp đầy đủ các tính năng như Sony RX 100 Mark VII. Máy ảnh trang bị màn hình cảm ứng 3 inch với 921.600 điểm ảnh cho phép người dùng có thể thao tác một cách dễ dàng. Thiết kế màn hình phù hợp với chụp ảnh/quay video ở nhiều góc độ khác nhau.\r\n\r\nSony RX 100 Mark VII\r\n\r\nKính ngắm điện tử OLED có độ phân giải 2.36 triệu điểm ảnh và độ phóng đại 0,59x giúp tạo ra hình ảnh rõ ràng, sắc nét. Kính ngắm cũng sử dụng lớp phủ ZEISS T * đảm bảo độ rõ nét từ góc này sang góc khác và có thể truy cập bằng một lần nhấn để chuyển đổi thuận tiện hơn giữa LCD và EVF.\r\n\r\nCảm biến CMOS 20.1MP &amp; BIONZ X Image Processor\r\nSony RX 100 Mark VII sử dụng cấu trúc xếp chồng tiên tiến với chip DRAM tích hợp và cảm biến Exmor RS CMOS 20.1MP 1 inch được cập nhật trên máy ảnh có thể mang lại chất lượng hình ảnh vượt trội. Độ nhạy sáng từ ISO 100-12800 có thể mở rộng từ 64 - 25600 cho hiệu suất lấy nét cực nhanh.\r\n\r\nCảm biến này cũng có 357 điểm lấy nét tự động theo pha và 425 khu vực phát hiện tương phản cho khả năng lấy nét nhanh và chính xác hơn. Cảm biến kết hợp với bộ xử lý hình ảnh BIONZ X giúp cải thiện đáng kể tốc độ lấy nét, cho phép chụp liên tiếp với tốc độ 20 khung hình/giây, lấy nét tự động/ phơi sáng tự động lên tới 60 lần/ giây.\r\n\r\nỐng kính ZEISS Vario-Sonnar T * 24-200mm\r\nTiêu cự trải rộng từ 24-200mm, ống kính ZEISS Vario-Sonnar T * phù hợp với việc chụp ảnh trong nhiều tình huống. Ống kính có góc rộng đến tele tầm trung với phạm vi thu phóng linh hoạt khi chụp ảnh mà vẫn giữ được kiểu dáng nhỏ gọn do phạm vi khẩu độ tối đa f/2.8-4.5.\r\n\r\n Sony RX 100 Mark VII \r\n\r\nCấu tạo quang học của ống kính bao gồm 8 thấu kính phi cầu, trong đó có bốn thấu kính phi cầu (AA) tiên tiến giúp giảm đáng kể quang sai và biến dạng nhằm đạt được độ sắc nét cao và kết xuất chính xác. Ngoài ra, ống kính còn được phủ lớp chống phản xạ ZEISS T * để ngăn chặn phản xạ và độ chói nhằm cải thiện độ tương phản và độ trung thực của màu sắc.\r\n\r\nHệ thống AF Fast Hybrid \r\nSony RX 100 Mark VII được trang bị hệ thống lấy nét tự động theo pha trên cảm biến giúp cải thiện đáng kể tốc độ lấy nét tự động cho cả ảnh tĩnh và video. Máy ảnh có 357 điểm lấy nét theo pha bao phủ khoảng 68% khung hình cùng với hệ thống nhận diện tương phản 425 điểm mang lại khả năng lấy nét nhanh, chính xác trong nhiều tình huống. Máy ảnh có thể khóa đối tượng nhanh chóng, chỉ trong 0,02 giây và nó có thể theo dõi đối tượng chuyển động. Đặc biệt, lấy nét tự động theo mắt cũng thích hợp sử dụng cho cả người và động vật, tính năng này đảm bảo độ sắc nét khi chụp ảnh chân dung.\r\n\r\n Sony RX 100 Mark VII \r\n\r\nQuay video UHD 4K\r\nMáy ảnh có thể quay video UHD 4K ở tốc độ 30 khung hình và 24 khung hình/ giây. Sony RX 100 Mark 7 tạo ra những video với độ sắc nét cao bằng cách sử dụng chức năng đọc pixel đầy đủ mà không cần phân loại. Hệ thống lấy nét thích hợp trong quá trình quay phim đảm bảo theo dõi chính xác, nhanh chóng đối tượng bằng cách sử dụng các điểm lấy nét phát hiện theo pha.\r\n\r\nSony RX 100 Mark VII\r\n\r\nTốc độ là một lợi thế lớn của Sony RX 100 Mark VII, khi quay video máy ảnh có thể quay với tốc độ khung hình nhanh và chuyển động siêu chậm. Ở chế độ Full HD, người dùng có thể cài đặt 120 khung hình/ giây cho ra những thước phim chuyển động chậm  xuất sắc. Ngoài ra, máy ảnh cũng cung cấp chế độ HFR chuyên dụng giúp tăng tốc độ khung hình của máy ảnh lên đến 960 khung hình/giây. Với khả năng điều khiển màu sắc và gamma, máy ảnh cho phép người dùng điều chỉnh gamma, black level, knee, color level,... Ngoài ra, người dùng có thể sử dụng S-Log2 và S-Log3 Gamma Curve để tăng tính linh hoạt trong hậu kỳ.\r\n\r\nSony RX 100 Mark VII\r\n\r\nKết nối không dây\r\nMáy ảnh này cũng có kết nối Bluetooth và Wi-Fi để chia sẻ hình ảnh với thiết bị di động. Kết nối Wi-Fi tích hợp cho phép truyền hình ảnh ngay lập tức đến các thiết bị di động để chia sẻ trực tiếp lên mạng xã hội, qua email và đến các trang web lưu trữ đám mây. NFC cũng được hỗ trợ, cho phép kết nối một chạm giữa máy ảnh và các thiết bị di động tương thích mà không cần thiết lập phức tạp. Sau khi được kết nối, thiết bị di động có thể hiển thị hình ảnh trực tiếp trên màn hình và người dùng có thể điều khiển từ xa qua điện thoại thông minh. Ngoài ra, cũng có thể kết nối với điện thoại thông minh bằng mã QR.', 6),
(52, 'Ổ CỨNG HDD WD 6TB BLACK 3.5 INCH, 7200RPM, SATA, 256MB CACHE (WD6003FZBX)', 4, '250_48891_o_cung_hdd_wd_black_6tb_7200rpm_256mb_cache_sata3_wd6003fzbx_01.jpg', 6799000, 32, 12, 'Máy ảnh Sony Cyber-shot DSC-RX100 Mark VA là chiếc máy ảnh compact có thiết kế nhỏ gọn, chắc chắn cho khả năng quay phim, chụp ảnh tối ưu, sử dụng linh hoạt trong nhiều tình huống, là người bạn đồng hành không thể thiếu trong mỗi chuyến đi.', 'Máy ảnh Sony Cyber-shot DSC-RX100 Mark VA là máy ảnh compact được trang bị màn hình Xtra Fine LCD 3.0 inch có thể nghiêng lên trên 180 ° và nghiêng xuống 45 ° để chụp ở nhiều góc độ khác nhau. Màn hình có độ phân giải cao kết hợp với công nghệ WhiteMagic giúp tăng ánh sáng của màn hình để người dùng có thể xem thông tin hiển thị trên màn hình một cách dễ dàng hơn trong điều kiện ánh sáng mạnh.\r\n\r\nSony Cyber-shot DSC-RX100 Mark VA\r\n\r\nCảm biến CMOS Exmor RS 20.1MP và bộ xử lí hình ảnh BIONZ X\r\nCảm biến CMOS Exmor RS 20.1MP của Sony Cyber-shot DSC-RX100 Mark VA được sử dụng mang lại chất lượng hình ảnh vượt trội. Độ nhạy sáng ISO từ 125 - 12.800 với hiệu suất cực nhanh. Cảm biến kết hợp với bộ xử lý hình ảnh BIONZ X và LSI phía trước giúp cải thiện tốc độ và chất lượng của toàn bộ hệ thống hình ảnh, cho phép chụp liên tục với AF / AE ở tốc độ lên đến 24 khung hình/giây với bộ nhớ đệm 233 JPEG.\r\n\r\nỐng kính Zeiss Vario-Sonnar T *\r\nVới phạm vi zoom tương đương 24-70mm, ống kính Zeiss Vario-Sonnar T * phù hợp để chụp trong nhiều hoàn cảnh khác nhau. Khẩu độ f/1.8-2.8 giúp ổn định hiệu suất ánh sáng và kiểm soát độ sâu trường ảnh. Ống kính được cấu tạo bởi hai lớp kính phi cầu giúp giảm quang sai, đảm bảo hình ảnh rõ nét. Ngoài ra, ống kính còn có lớp phủ T * cao cấp của Zeiss làm giảm bóng mờ và lóa do phản xạ ánh sáng.\r\n\r\nSony Cyber-shot DSC-RX100 Mark VA\r\n\r\nHệ thống lấy nét Fast Hybrid\r\nRX100 Mark VA được trang bị hệ thống lấy nét tự động theo pha trên cảm biến giúp tăng tốc độ lấy nét tự động cho cả ảnh tĩnh và video. Máy ảnh này sử dụng hệ thống kết hợp với 315 điểm lấy nét theo pha bao phủ 65% khung hình cùng với hệ thống nhận diện tương phản để mang lại khả năng lấy nét nhanh, chính xác trong nhiều tình huống.\r\n\r\nSony Cyber-shot DSC-RX100 Mark VA\r\n\r\nQuay video UHD 4K\r\nSony Cyber-shot DSC-RX100 Mark VA cho phép quay video 4K UHD lên đến 5 phút với độ nét vượt trội bằng cách sử dụng chức năng đọc pixel đầy đủ mà không cần phân loại, máy ảnh thu thập khoảng 1.7 lần thông tin cần thiết cho đầu ra 4K. Hệ thống lấy nét Fast Hybrid hoạt động liên tục đảm bảo theo dõi đối tượng một cách chính xác, nhanh chóng bằng cách sử dụng các điểm lấy nét phát hiện theo pha. Máy ảnh cũng có chức năng chụp ảnh, cho phép người chụp nhanh chóng lưu ảnh tĩnh 8.29MP từ video UHD 4K.\r\n\r\nSony Cyber-shot DSC-RX100 Mark VA\r\n\r\nTốc độ khung hình cao và chụp chuyển động chậm\r\nTốc độ là một lợi thế lớn của RX100 Mark VA đặc biệt là trong khi quay video. Ở chế độ Full HD, người dùng có thể cài đặt chế độ 120 khung hình / giây cho phép quay video với chuyển động chậm. Ngoài ra, máy ảnh cũng cung cấp chế độ HFR chuyên dụng sẽ tăng tốc độ khung hình của máy ảnh lên đến 960 khung hình / giây. Người dùng có thể tùy chọn quay ở chế độ Quality Priority hoặc Shoot Time Priority tùy thuộc vào sở thích.\r\n\r\nKết nối nhanh chóng\r\nKết nối Wi-Fi được tích hợp cho phép truyền hình ảnh ngay lập tức đến các thiết bị di động để chia sẻ trực tiếp lên mạng xã hội, qua email. NFC cũng được hỗ trợ cho phép kết nối một chạm giữa máy ảnh và các thiết bị di động tương thích mà không cần thiết lập phức tạp. Sau khi được kết nối, thiết bị di động được liên kết cũng có thể xem hình ảnh hiển thị trực tiếp trên màn hình máy ảnh. Bên cạnh đó, điện thoại thông minh còn có thể điều khiển từ xa việc nhả cửa trập của máy ảnh. ', 2),
(53, 'Ổ CỨNG SSD KINGFAST F10 1TB SATA3 2.5 INCH (ĐỌC 550MB/S - GHI 500MB/S) - (F10-1TB)', 6, '250_50262_____c___ng_ssd_kingfast_f10_pro_1tb_2_5_inch_sata3.jpg', 2499000, 0, 56, '- Cảm biến: Micro Four Thirds - Độ phân giải: 17MP - Dải ISO: 200 - 25600 (mở rộng 100 - 25600) - Tốc độ chụp liên tiếp: 9 fps/s - Kết nối không dây: WiFi - Quay video: 4K/30p - Màn hình LCD cảm ứng 3\", 1.240 triệu điểm ảnh - Trọng lượng: 349g (Body+Pin+Thẻ nhớ)', '<div class=\"nd title_box_scroll_content_2019 showmore\" style=\"background-color: rgb(255, 255, 255); padding: 10px 10px 0px; border-radius: 0px 3px 3px; box-shadow: rgba(152, 165, 185, 0.2) 0px 0px 4px 0px; max-height: 725px; overflow: hidden; color: rgb(34, 34, 34); font-family: -apple-system, BlinkMacSystemFont, &quot;Segoe UI&quot;, Roboto, &quot;Helvetica Neue&quot;, Arial, sans-serif, &quot;Apple Color Emoji&quot;, &quot;Segoe UI Emoji&quot;, &quot;Segoe UI Symbol&quot;;\"><h2 class=\"ddnb-title spct-title\" style=\"font-weight: 600; font-size: 22px; margin-bottom: 10px; padding-bottom: 10px; border-bottom: 1px solid rgb(234, 237, 241);\">Đánh giá Ổ cứng SSD Kingston A400 240GB</h2><h3 style=\"font-weight: 700;\">Ổ cứng SSD Kingston A400 240GB 2.5 inch SATA3</h3><p>Ổ cứng SSD Kingston A400 240GB 2.5 inch SATA3 của Kingston giúp cải thiện tối đa hiệu năng của hệ thống: thời gian khởi động, load các chương trình và dữ liệu nhanh hơn. Bộ điều khiển Controller mới nhất cho tốc độ đọc và ghi lên đến 450MB/s và 350MB/s (bản 240GB), nhanh hơn gấp 10 lần so với ổ cứng HDD truyền thống, đáp ứng tất cả các nhu cầu của bạn.</p><p><img src=\"https://hanoicomputercdn.com/media/product/38002_z1973698218814_042549a424754253cb66de4c084f45d7.jpg\" alt=\"Ổ cứng SSD Kingston A400 240GB 2.5 inch SATA3\" width=\"100%\" class=\"loading\" data-was-processed=\"true\" style=\"border-width: initial; border-color: initial; border-image: initial; max-width: 100%; height: auto;\"></p><h3 style=\"font-weight: 700;\">Tốc độ gấp 10 lần HDD</h3><p>Với tốc độ lên đến 500MB/s, ổ cứng SSD Kingston A400 không chỉ tăng tốc độ dữ liệu mà còn tăng hiệu suất tối đa của máy tính. Giúp bạn làm được nhiều việc hơn và tiết kiệm được rất nhiều thời gian.</p><p><img src=\"https://hanoicomputercdn.com/media/product/38002_z1973698218813_467c7cde1035f5c48042014b4583ad15.jpg\" alt=\"Ổ cứng SSD Kingston A400 240GB 2.5 inch SATA3\" width=\"100%\" style=\"border-width: initial; border-color: initial; border-image: initial; max-width: 100%; height: auto;\"></p><h3 style=\"font-weight: 700;\">Độ bền cao</h3><p>Ổ cứng SSD Kingston A400 chống Sock chống rung cực tốt, cho độ tin cậy cao trong các thiết bị mang tính di động như Laptop, Macbook,...</p><h3 style=\"font-weight: 700;\">Đa dạng về dung lượng</h3><p>Ổ cứng SSD Kingston A400 có nhiều dung lượng 120GB, 240GB và 480GB cho bạn nhiều sự lựa chọn phù hợp nhất với nhu cầu lưu trữ của bạn.</p><h3 style=\"font-weight: 700;\">Tương thích tốt với máy tính để bàn và máy tính xách tay</h3><p>Ổ cứng SSD Kingston A400 hoạt động bằng bộ nhớ Flash, không có các bộ phận chuyển động cơ quay giúp tăng độ bền, hoạt động mát mẻ và không hề tạo ra bất kì tiếng động nào. Và đặc biệt là khả năng chống Sock cực tốt, rất lý tưởng cho máy tính xách tay và các thiết bị máy tính di động khác.</p><p><img src=\"https://hanoicomputercdn.com/media/product/38002_z1973698219852_976fa78023b93d179ce6322744996b82.jpg\" alt=\"Ổ cứng SSD Kingston A400 240GB 2.5 inch SATA3\" width=\"100%\" style=\"border-width: initial; border-color: initial; border-image: initial; max-width: 100%; height: auto;\"></p></div><div class=\"viewmore-area\" style=\"position: absolute; bottom: 0px; left: 0px; right: 0px; width: 766.662px; height: 150px; padding-top: 85px; text-align: center; border-radius: 0px 0px 5px 5px; background: linear-gradient(rgba(255, 255, 255, 0) 0px, rgba(255, 255, 255, 0.91) 50%, rgb(255, 255, 255) 55%); color: rgb(34, 34, 34); font-family: -apple-system, BlinkMacSystemFont, &quot;Segoe UI&quot;, Roboto, &quot;Helvetica Neue&quot;, Arial, sans-serif, &quot;Apple Color Emoji&quot;, &quot;Segoe UI Emoji&quot;, &quot;Segoe UI Symbol&quot;;\"><a class=\"viewmore\" style=\"cursor: pointer; transition: all 0.2s ease 0s; display: inline-block; height: 28px; line-height: 26px; padding: 0px 10px; background: rgb(255, 255, 255); border: 1px solid rgb(0, 90, 255); border-radius: 2px; color: rgb(0, 90, 255) !important;\">Xem thêm&nbsp;<span class=\"far fa-angle-down\" style=\"font-family: &quot;Font Awesome 5 Pro&quot;;\"></span></a></div>', 10),
(54, 'CPU AMD RYZEN 7 5800X (3.8 GHZ UPTO 4.7GHZ / 36MB / 8 CORES, 16 THREADS / 105W / SOCKET', 1, '250_56283_amd_5800x_1000.jpg', 10799000, 0, 3, 'Máy ảnh PowerShot G7 X Mark III là máy ảnh Canon compact thuộc dòng G-series. Với trọng lượng chỉ 304g kết hợp với hai tông màu chủ đạo là màu đen và màu bạc, G7 X Mark III là lựa chọn phù hợp cho những người muốn tìm kiếm một chiếc máy ảnh nhỏ gọn với thiết kế sang trọng. G7 X Mark III trang bị màn hình LCD nghiêng-lật giúp người dùng có thể chụp ảnh/ quay phim từ nhiều góc khác nhau, tạo ra những bức ảnh ấn tượng', '<div class=\"item__title\" style=\"outline: none; font-size: 20px; color: rgb(68, 68, 68); font-family: \" open=\"\" sans\",=\"\" sans-serif;=\"\" background-color:=\"\" rgb(255,=\"\" 255,=\"\" 255);\"=\"\">Đánh giá Máy ảnh Canon Powershot G7 X Mark III/ Đen (nhập khẩu)</div><div id=\"contentProduct\" class=\"active\" style=\"outline: none; position: relative; max-height: none; overflow: hidden; padding-bottom: 45px; color: rgb(68, 68, 68); font-family: \" open=\"\" sans\",=\"\" sans-serif;=\"\" font-size:=\"\" 13px;=\"\" background-color:=\"\" rgb(255,=\"\" 255,=\"\" 255);\"=\"\"><div class=\"view-content\" style=\"outline: none; overflow-x: auto;\"><p style=\"outline: none; line-height: 20px; font-size: 14px; max-width: 100%; text-align: justify;\"><span style=\"outline: none; line-height: 1.6;\"><span style=\"outline: none; line-height: 1.6; font-family: Arial, Helvetica, sans-serif;\">Canon PowerShot G7 X III/ Đen là&nbsp;<a href=\"https://kyma.vn/may-anh/\" style=\"outline: none; color: rgb(68, 68, 68); cursor: pointer; line-height: 1.6;\"><span style=\"outline: none; line-height: 1.6; color: rgb(243, 156, 18);\"><strong style=\"outline: none; line-height: 1.6;\">máy ảnh</strong></span></a>&nbsp;thứ ba trong loạt máy ảnh compact cảm biến loại 1 \" nhắm đến những người nâng cấp máy ảnh điện thoại thông minh và các nhiếp ảnh gia đam mê tìm kiếm một chiếc&nbsp;máy ảnh thứ hai nhỏ. Ống kính 2.8 - rất giống với G7 X II trước đó, nhưng Canon đã trang bị cho G7 X III/ Đen&nbsp;cảm biến Stacked CMOS mới và bộ xử lý Digic 8&nbsp;hứa hẹn mang đến chất lượng và hiệu suất hình ảnh tốt hơn.</span></span></p><p style=\"outline: none; line-height: 20px; font-size: 14px; max-width: 100%; text-align: justify;\"><span style=\"outline: none; line-height: 1.6;\"><span style=\"outline: none; line-height: 1.6; font-family: Arial, Helvetica, sans-serif;\"><strong style=\"outline: none; line-height: 1.6;\">Cảm biến</strong></span></span></p><p style=\"outline: none; line-height: 20px; font-size: 14px; max-width: 100%; text-align: justify;\"><span style=\"outline: none; line-height: 1.6;\"><span style=\"outline: none; line-height: 1.6; font-family: Arial, Helvetica, sans-serif;\">Giống như PowerShot G5 X II được công bố cùng thời điểm,&nbsp;<strong style=\"outline: none; line-height: 1.6;\"><a href=\"https://kyma.vn/may-anh-canon-powershot-g7-x-mark-iii-hang-nhap-khau.html\" style=\"outline: none; color: rgb(68, 68, 68); cursor: pointer; line-height: 1.6;\"><span style=\"outline: none; line-height: 1.6; color: rgb(243, 156, 18);\">máy ảnh Canon Powershot G7X Mark III/ Đen</span></a>&nbsp;</strong>có cảm biến CMOS xếp chồng loại 1 inch 20,1Mp.&nbsp;Đây là một thiết kế cảm biến mới của Canon và kết hợp với bộ xử lý Canon Digic 8, nó cho tốc độ chụp liên tục rất nhanh.</span></span></p><p style=\"outline: none; line-height: 20px; font-size: 14px; max-width: 100%; text-align: justify;\"><span style=\"outline: none; line-height: 1.6;\"><span style=\"outline: none; line-height: 1.6; font-family: Arial, Helvetica, sans-serif;\">Một lần nữa, giống như PowerShot G5 X II, G7 X III/ Đen&nbsp;có thể chụp ở tốc độ lên tới 30 khung hình/giây&nbsp;ở chế độ chụp ảnh RAW cho tối đa 70 ảnh.&nbsp;Ngoài ra, nó có thể chụp ở tốc độ 20 khung hình/giây cho tối đa 89 tệp C-RAW, 55 ảnh RAW hoặc 118 Jpeg.</span></span></p><p style=\"outline: none; line-height: 20px; font-size: 14px; max-width: 100%; text-align: justify;\"><span style=\"outline: none; line-height: 1.6;\"><span style=\"outline: none; line-height: 1.6; font-family: Arial, Helvetica, sans-serif;\">Cảm biến này được đặt phía trước bởi một ống kính ổn định 8,8 - 36,8mm F1.8-2.8 có tiêu cự 35mm tương đương 24 - 100mm.&nbsp;Đầu 24mm là một lựa chọn tốt cho video dài bằng cánh tay khi nhìn vào màn hình lật lên phía trên máy ảnh.&nbsp;Khẩu độ lớn cũng cho phép làm mờ hậu cảnh một chút.</span></span></p><p style=\"outline: none; line-height: 20px; font-size: 14px; max-width: 100%; text-align: center;\"><span style=\"outline: none; line-height: 1.6;\"><span style=\"outline: none; line-height: 1.6; font-family: Arial, Helvetica, sans-serif;\"><img alt=\"\" src=\"https://kyma.vn/StoreData/images/pagedata/canon-g7-mark-iii-1.jpg\" style=\"outline: none; max-width: 100%; max-height: 100%; line-height: 20px; width: 560px;\"></span></span></p></div></div>', 2),
(55, 'RAM DESKTOP CORSAIR VENGEANCE PRO RGB (CMW32GX4M2D3000C16) 32GB', 3, '250_47009_corsair_vengeance_pro_rgb.jpg', 4299000, 0, 12, 'Chiếc máy ảnh compact Fujifilm XF10 được ra mắt với nhiều cải tiến mới mang lại chất lượng hình ảnh vượt trội đang là lựa chọn của những tín đồ yêu Fujifilm với phong cách hoài cổ thời xưa.', 'Chiếc máy ảnh compact Fujifilm XF10 được ra mắt với nhiều cải tiến mới mang lại chất lượng hình ảnh vượt trội đang là lựa chọn của những tín đồ yêu Fujifilm với phong cách hoài cổ thời xưa.\r\n\r\nFujifilm XF10 cho chất lượng hình ảnh vượt trội\r\n\r\nFujifilm XF10 sở hữu cảm biến CMOS APS-C 24,2MP\r\nVới cảm biến CMOS APS-C 24,2MP được tích hợp trên máy cùng dải ISO chuẩn 200-12800 có thể mở rộng lên đến 100-51200, máy ảnh Fujifilm XF10 cho phép người dùng chụp được hình ảnh với độ chi tiết, độ sâu, độ sắc nét cao ngay cả trong điều kiện môi trường thiếu sáng. Cũng nhờ cảm biến này, người dùng có thể xuất video ở dạng 4K hoặc Full HD tại nhiều tốc độ khác nhau với thời gian ghi hình liên tục tới 30 phút.\r\n\r\nFujifilm XF10 với cảm biến CMOS APS-C 24,2MP\r\n\r\nỐng kính cố định FUJINON 18.5mm f/2.8\r\nThiết kế với ống kính cố định, máy ảnh Fujifilm XF10 được trang bị ống kính FUJINON có khẩu độ f/2.8 giúp người dùng kiểm soát độ sâu trường ảnh tốt hơn ngoài việc chụp ảnh rõ nét trong môi trường ánh sáng yếu hoặc tối. Cùng độ dài tiêu cự 18.5mm (28mm tương đương 35mm) là tiêu cự lý tưởng để chụp ảnh phong cảnh hay chụp nhanh những khoảnh khắc hàng ngày. Nhờ tính năng Digital Tele-Converter, Fujifilm XF10 còn có khả năng zoom lên với độ dài tiêu cự 35mm hoặc 50mm cho chất lượng hình ảnh như ý muốn.\r\n\r\nFujifilm XF10 với ống kính cố định\r\n\r\nMàn hình cảm ứng LCD 3inch 1040 nghìn điểm ảnh\r\nMàn hình cảm ứng LCD với độ phân giải cao cho phép người dùng có thể quan sát và điều chỉnh các thông số của máy ảnh nhanh chóng hơn chỉ với mỗi lần chạm nhẹ.\r\n\r\nFujifilm XF10 với màn hình cảm ứng LCD\r\n\r\nFujifilm XF10  với khả năng quay video 4K và Full HD\r\nTính năng này giúp máy ảnh quay lại những thước phim mượt mà, sắc nét với độ phân giải cao. Khả năng quay video Full HD với tốc độ 60 khung hình/giây và khả năng quay video 4K liên tục trong 30 phút với tốc độ 15 khung hình/giây.\r\n\r\nTích hợp 11 chế độ giả lập phim\r\nKhông  thể bỏ qua tính năng đặc trưng của dòng máy ảnh Fujifilm hoài cổ, Fujifilm XF10 cũng sở hữu cho mình tới 11 chế độ giả lập phim ấn tượng, cho phép các nhiếp ảnh gia tạo nên những tấm hình nghệ thuật, mang phong cách cổ điển của những thập niên 80 ngày xưa.\r\n\r\nFujifilm XF10 với 11 chế độ giả lập phim\r\n\r\nFujifilm XF10 được trang bị bộ lọc mới\r\nTích hợp thêm bộ lọc nâng cao mới Rich &amp; Fine và Monochrome [NIR]. Trong đó, Rich &amp; Fine giúp vùng ảnh trung tâm của ảnh hiện lên sáng và rõ ràng hơn, cũng như giúp chủ thể của ảnh nổi bật hơn. Còn Monochrome [NIR] có chức năng giả lập các hiệu ứng của máy ảnh cận hồng ngoại.\r\n\r\nFujifilm XF10 với 19 bộ lọc mới\r\n\r\nBên cạnh đó, chiếc máy ảnh thời trang này còn sở hữu chế độ ảnh Square Mode tỷ lệ 1:1, rất thích hợp cho những ai cần khung ảnh vuông, cho phép hình ảnh được đăng lên các mạng xã hội và nhiều ứng dụng khác đảm bảo chất lượng tối ưu.\r\n\r\nKết nối Bluetooth\r\nKết nối Bluetooth được tích hợp giúp chiếc máy ảnh của bạn liên kết với nhiều thiết bị thông minh khác một cách nhanh chóng. Từ đó người dùng có thể thoải mái sử dụng hình ảnh và video theo ý muốn.\r\n\r\nFujifilm XF10 kết nối bluetooth', 4),
(56, 'RAM DESKTOP CORSAIR DOMINATOR PLATINUM RGB HEATSPREADER (CMT32GX5M2B5200C38) 32GB (2X16GB) DDR5 5200MHZ', 3, '250_61306_ram_desktop_corsair_dominator_platinum_rgb_heatspreader_cmt32gx5m2b5200c38_32gb_2x16gb_ddr5_5200mhz_1.jpg', 9299000, 20, 2, 'Chiếc máy ảnh “nhỏ mà có võ” thiết kế dành riêng cho những chuyến phiêu lưu nhờ bộ tứ tính năng cực đỉnh: Chống thấm nước đến 82 feet (tương đương 25m) xếp hạng IPX8 – Chống sốc từ 5.9 feet (tương đương 1.8m) – Chống đóng băng đến 14 độ F (tương đương -10 độ C) – Chống bám bụi xếp hạng IPX6', 'Fujifilm FinePix XP140 có thiết kế nhỏ gọn, kích thước chỉ nhỏ bằng lòng bàn tay (110 x 71 x 28 mm), trọng lượng khoảng 207g, dễ dàng cầm nắm, bỏ túi mang đi du lịch tất cả mọi nơi. Bên cạnh đó, dòng máy ảnh này còn rất đa dạng màu sắc tươi mới, trẻ trung như Sky blue (xanh da trời), Yellow (vàng), White (trắng), Dark Silver (bạc), Lime (vàng chanh).\r\n\r\nThiết kế của Fujifilm FinePix XP140\r\n\r\nMàn hình của Fujifilm FinePix XP140\r\nMàn hình LCD 3.0 inch 920K phía sau được thiết kế phủ lớp chống phản sáng, hỗ trợ làm việc trong môi trường ánh sáng mạnh. Bảng điều khiển đều đặt ở vị trí dễ dàng thao tác bằng ngón cái tay phải.\r\n\r\nfujifilm xp140 02\r\n\r\n2. Cảm biến 16.4 MP CMOS\r\nMáy ảnh Fujifilm FinePix XP140 được trang bị hệ cảm biến 16.4 MP CMOS cùng khả năng chống rung giúp ghi lại hình ảnh mượt mà, quay video UHD 4K với 15 khung hình/giây hoặc full HD 1080p với 60 khung hình/giây. Có thể sử dụng trong điều kiện thiếu sáng, ngược sáng mà vẫn đảm bảo được độ sắc nét, ít bị nhiễu trong phạm vi độ nhạy sáng ISO 100 – 12800.\r\n\r\n3. Ống kính zoom quang học Fujinon 5x\r\nCảm biến 16.4 MP CMOS được kết nối với ống kính zoom quang học Fujinon với khả năng thay đổi tiêu cự trong phạm vi từ 28 – 140mm linh hoạt trong nhiều bối cảnh chụp khác nhau, giúp zoom gần đối tượng dễ dàng tối ưu hơn nhiều so với chiếc XP130.\r\n\r\nỐng kính zoom quang học Fujinon 5x của Máy ảnh Fujifilm FinePix XP140\r\n\r\n4. Chức năng nhận điện tự động \r\nChiếc máy ảnh Fujifilm FinePix XP140 khi cài đặt chế độ “Tự động nhận diện cảnh” có thể tự động phát hiện chủ thể chính. Trong bối cảnh chụp người, chụp chân dung XP140 có thể tự động lấy nét vào mắt của đối tượng. Cài đặt chế độ Smile Shutter cho phép kích hoạt khi nhận diện được nụ cười trong khung hình và ghi lại ngay lập tức, giúp bạn bắt trọn khoảnh khắc đáng nhớ.\r\n\r\nChức năng nhận điện tự động \r\n\r\n5. Lặn sâu tới 25m\r\nVới khả năng chống thấm nước đạt đến độ sâu 25m, Fujifilm FinePix XP140 cung cấp chế độ Macro chuyên dụng cho chụp ảnh dưới nước, giúp hình ảnh duy trì và cân bằng màu sắc của đối tượng, tăng tính trung thực cho hình ảnh.\r\n\r\nLặn sâu tới 25m trên fujifilm xp140\r\n\r\n6. Kết nối Wifi – Bluetooth trên Fujifilm FinePix XP140\r\nFujifilm FinePix XP140 là chiếc máy nhỏ gọn nhưng không thể thiếu tích hợp Bluetooth – Wifi giúp truyền hình ảnh, video sang thiết bị điện thoại, máy tính một cách nhanh gọn. Bạn cũng có sử dụng kết nối này để gắn thẻ vị trí và thời gian cho mỗi tệp hình ảnh. Bạn cũng có thể sử dụng chức năng chụp ảnh từ xa bằng cách các tải ứng dụng Remote FUJIFILM Camera Remote trên thiết bị di động hoặc máy tính.\r\n\r\nKết nối Wifi – Bluetooth trên Fujifilm FinePix XP140', 7),
(64, 'CPU INTEL CORE I9-10900X (3.5GHZ TURBO UP TO 4.5GHZ, 10 NHÂN, 20 LUỒNG, 19.25 MB', 1, '250_49435_hnc_intel_i9_10900x_right_facing_850x850.jpg', 15599000, 12, 34, 'Mã sản phẩm	A01000203\r\nGiá Bán	6,900,000 VNĐ Tiết kiệm 6%\r\nGiá Khuyến Mãi	6,490,000 VNĐ (Đã có VAT)\r\nThương hiệu	Canon\r\nBảo Hành	12 tháng', '<div class=\"item__title\" style=\"outline: none; font-size: 20px; color: rgb(68, 68, 68); font-family: \" open=\"\" sans\",=\"\" sans-serif;=\"\" background-color:=\"\" rgb(255,=\"\" 255,=\"\" 255);\"=\"\"><div class=\"nd title_box_scroll_content_2019 showmore\" style=\"background-color: rgb(255, 255, 255); padding: 10px 10px 0px; border-radius: 0px 3px 3px; box-shadow: rgba(152, 165, 185, 0.2) 0px 0px 4px 0px; max-height: 725px; overflow: hidden; color: rgb(34, 34, 34); font-family: -apple-system, BlinkMacSystemFont, &quot;Segoe UI&quot;, Roboto, &quot;Helvetica Neue&quot;, Arial, sans-serif, &quot;Apple Color Emoji&quot;, &quot;Segoe UI Emoji&quot;, &quot;Segoe UI Symbol&quot;; font-size: 16px;\"><h2 class=\"ddnb-title spct-title\" style=\"font-weight: 600; font-size: 22px; margin-bottom: 10px; padding-bottom: 10px; border-bottom: 1px solid rgb(234, 237, 241);\">Đánh giá CPU Intel Core i9-11900F (2.5GHz turbo up to 5.2Ghz, 8 nhân 16 luồng, 16MB Cache, 65W) - Socket Intel LGA 1200</h2><p><span style=\"font-size: 14pt; font-family: arial, helvetica, sans-serif;\"><a href=\"https://www.hanoicomputer.vn/cpu-intel-core-i9-11900f-2.5ghz-turbo-up-to-5.2ghz-8-nhan-16-luong-16mb-cache-65w-socket-intel-lga-1200\" style=\"cursor: pointer; transition: all 0.2s ease 0s; font-size: 16px; color: rgb(0, 90, 255) !important;\"><span style=\"font-weight: 700;\">CPU Intel Core i9-11900F</span></a>&nbsp;là phiên bản nâng cấp với xung nhịp tăng nhẹ và hiệu suất trên mỗi nhân được cải thiện. Với 8 nhân 16 luồng, đây là CPU mạnh nhất của Intel.&nbsp;</span></p><p><span style=\"font-size: 14pt; font-family: arial, helvetica, sans-serif;\">Phiên bản này không tích hợp GPU (Ký tự F sau tên sản phẩm), do đó để sử dụng bạn bắt buộc phải sử dụng card đồ họa rời.&nbsp;</span></p><p>&nbsp;</p><h3 style=\"font-weight: 700;\"><span style=\"font-size: 14pt; font-family: arial, helvetica, sans-serif;\">Thế hệ Intel Core i9 thứ 11 có nâng cấp gì?&nbsp;</span></h3><ul><li><span style=\"font-size: 14pt; font-family: arial, helvetica, sans-serif;\">Hỗ trợ PCI-E Gen 4 có băng thông gấp đôi Gen 3 ở thế hệ cũ</span></li><li><span style=\"font-size: 14pt; font-family: arial, helvetica, sans-serif;\">Nhân đồ họa tích hợp (trên các model không có ký tự F) UHD 750 mạnh hơn, có khả năng xuất hình đạt độ phân giải 5K.&nbsp;</span></li><li><span style=\"font-size: 14pt; font-family: arial, helvetica, sans-serif;\">Hỗ trợ tập lệnh AVX-512 tăng sức mạnh tính toán với khả năng xử lý dữ liễu cỡ lớn, cải thiện hiệu năng xử lý với các tác vụ giải mã, render, mã hoá và máy học (Deep Learning)</span></li></ul><p>&nbsp;</p><h3 style=\"font-weight: 700;\"><span style=\"font-size: 14pt; font-family: arial, helvetica, sans-serif;\">Tính tương thích</span></h3><p><span style=\"font-size: 14pt; font-family: arial, helvetica, sans-serif;\"><a href=\"https://www.hanoicomputer.vn/cpu-bo-vi-xu-ly\" target=\"_blank\" rel=\"noopener\" style=\"cursor: pointer; transition: all 0.2s ease 0s; font-size: 16px; color: rgb(0, 90, 255) !important;\">CPU</a>&nbsp;Intel Core i9-11900F vẫn sử dụng socket LGA 1200 và có thể chạy được trên các bo mạch chủ H470, Z490 (sau khi update Bios) và các bo mạch chủ thế hệ mới H510, B560, Z590. Tuy nhiên bạn nên sử dụng chung với các bo mạch chủ Z490 và Z590 để CPU có thể hoạt động tốt nhất.&nbsp;</span></p><h3 style=\"font-weight: 700;\"><span style=\"font-size: 14pt; font-family: arial, helvetica, sans-serif;\">Intel Core i9 dành cho ai?&nbsp;</span></h3><p><span style=\"font-size: 14pt; font-family: arial, helvetica, sans-serif;\">Với 8 nhân 16 luồng và hiệu năng trên mỗi nhân được nâng cấp, Intel Core i9 sẽ phù hợp cho các bộ cao cấp, phục vụ mục đích Stream, Gaming hoặc làm việc với các phần mềm chuyên dụng.&nbsp;</span></p><p>&nbsp;</p><p>&nbsp;</p></div><div class=\"viewmore-area\" style=\"position: absolute; bottom: 0px; left: 0px; right: 0px; width: 766.662px; height: 150px; padding-top: 85px; text-align: center; border-radius: 0px 0px 5px 5px; background: linear-gradient(rgba(255, 255, 255, 0) 0px, rgba(255, 255, 255, 0.91) 50%, rgb(255, 255, 255) 55%); color: rgb(34, 34, 34); font-family: -apple-system, BlinkMacSystemFont, &quot;Segoe UI&quot;, Roboto, &quot;Helvetica Neue&quot;, Arial, sans-serif, &quot;Apple Color Emoji&quot;, &quot;Segoe UI Emoji&quot;, &quot;Segoe UI Symbol&quot;; font-size: 16px;\"><a class=\"viewmore\" style=\"cursor: pointer; transition: all 0.2s ease 0s; display: inline-block; height: 28px; line-height: 26px; padding: 0px 10px; background: rgb(255, 255, 255); border: 1px solid rgb(0, 90, 255); border-radius: 2px; color: rgb(0, 90, 255) !important;\">Xem thêm&nbsp;<span class=\"far fa-angle-down\" style=\"font-family: &quot;Font Awesome 5 Pro&quot;;\"></span></a></div></div>', 33);
INSERT INTO `products` (`id`, `name`, `cate_id`, `image`, `price`, `sale`, `quantity`, `intro`, `detail`, `view`) VALUES
(66, 'CPU AMD RYZEN 7 5700G (3.8GHZ UPTO 4.6GHZ / 20MB / 8 CORES, 16 THREADS / 65W / SOCKET AM4)', 1, '250_60386_cpu_amd_ryzen_7_5700g_65w_2.png', 9199000, 0, 345, '- Cảm biến: CMOS 20.2 megapixels\r\n- Bộ xử lý hình ảnh Digic 4+\r\n- Màn hình 3.0inch \r\n- Zoom Quang học 25x (25-625mm) Zoomplus 50x\r\n- Khẩu độ F/3.2- F/9.0 (W), F/6.6- F/18.0 (T)\r\n- Độ nhạy sáng: ISO 800-1600\r\n- Tốc độ màn chập: 15 - 1/2000giây\r\n- Tốc độ chụp 2.5 ảnh/giây \r\n- Quay phim Full HD 1920x1080\r\n- Tích hợp Wifi &amp; NFC\r\n- Trọng lượng: 158g\r\n- Pin tương thích: NB-13LH\r\n- Phụ kiện đi kèm: Pin, Sạc pin, Dây đeo, Cataloge, Phiếu bảo hành', '<div class=\"item__title\" style=\"outline: none; font-size: 20px; color: rgb(68, 68, 68); font-family: \" open=\"\" sans\",=\"\" sans-serif;=\"\" background-color:=\"\" rgb(255,=\"\" 255,=\"\" 255);\"=\"\"><div class=\"nd title_box_scroll_content_2019 showmore\" style=\"background-color: rgb(255, 255, 255); padding: 10px 10px 0px; border-radius: 0px 3px 3px; box-shadow: rgba(152, 165, 185, 0.2) 0px 0px 4px 0px; max-height: 725px; overflow: hidden; color: rgb(34, 34, 34); font-family: -apple-system, BlinkMacSystemFont, &quot;Segoe UI&quot;, Roboto, &quot;Helvetica Neue&quot;, Arial, sans-serif, &quot;Apple Color Emoji&quot;, &quot;Segoe UI Emoji&quot;, &quot;Segoe UI Symbol&quot;; font-size: 16px;\"><h2 class=\"ddnb-title spct-title\" style=\"font-weight: 600; font-size: 22px; margin-bottom: 10px; padding-bottom: 10px; border-bottom: 1px solid rgb(234, 237, 241);\">Đánh giá CPU AMD&nbsp;Ryzen 7 5700G (3.8GHz Upto 4.6GHz / 20MB / 8 Cores, 16 Threads / 65W / Socket AM4) chính hãng, bảo hành dài</h2><p><span style=\"font-weight: 700;\">CPU AMD Ryzen 7 5700G</span>&nbsp;là 1 trong những APU đầu bảng Series Ryzen 5000 của AMD. CPU vẫn sử dụng Socket AM4 và có 8 nhân 16 luồng cùng xung nhịp tối đa 4.6Ghz.&nbsp;</p><p>Nổi bật nhất là GPU tích hợp Radeon với 8 nhân CUs, xung nhịp tối đa 2000Mhz và có thể hơn nữa qua quá trình Overclock</p><p><img src=\"https://hanoicomputercdn.com/media/product/60386_cpu_amd_ryzen_7_5700g_65w_socket_am4_11.JPG\" alt=\"CPU AMD Ryzen 7 5700G (3.8GHz Upto 4.6GHz / 20MB / 8 Cores, 16 Threads / 65W / Socket AM4)\" width=\"100%\" class=\"loading\" data-was-processed=\"true\" style=\"border-width: initial; border-color: initial; border-image: initial; max-width: 100%; height: auto;\"></p><h3 style=\"font-weight: 700;\">Khả năng tương thích</h3><p>CPU AMD Ryzen 7 5700G vẫn sử dụng socket AM4 quen thuộc, CPU này có thế sử đụng được với các bo mạch chủ B450 (sau Update Bios), B550 hoặc X570, X570S.&nbsp;</p><h3 style=\"font-weight: 700;\">Hiệu năng</h3><p>CPU AMD Ryzen 7 5700G sở hữu 8 nhân và 16 luồng giống với thế hệ cũ tuy nhiên sức mạnh mỗi nhân đã mạnh hơn rất nhiều. Xung nhịp cơ bản đạt 3.8Ghz và tối đa lên đến 4.6Ghz. Nếu có một chút kiến thức về phần cứng và Overclocking, bạn hoàn toàn có thể đẩy sức mạnh này lên thêm nữa.&nbsp;</p><p><img src=\"https://hanoicomputercdn.com/media/product/60386_cpu_amd_ryzen_7_5700g_65w_socket_am4_22.JPG\" alt=\"CPU AMD Ryzen 7 5700G (3.8GHz Upto 4.6GHz / 20MB / 8 Cores, 16 Threads / 65W / Socket AM4)\" width=\"100%\" style=\"border-width: initial; border-color: initial; border-image: initial; max-width: 100%; height: auto;\"></p><h3 style=\"font-weight: 700;\">GPU tích hợp giá trị</h3><p>Với nhân đồ họa Radeon tích hợp, CPU AMD Ryzen 5 5700G sở hữu hiệu năng đồ họa nhỉnh hơn 1 chút so với GT 1030. Do đó APU này của AMD hoàn toàn có thể chơi tốt các tựa game nhẹ, đặc biệt là các tựa game online.&nbsp;</p></div><div class=\"viewmore-area\" style=\"position: absolute; bottom: 0px; left: 0px; right: 0px; width: 766.662px; height: 150px; padding-top: 85px; text-align: center; border-radius: 0px 0px 5px 5px; background: linear-gradient(rgba(255, 255, 255, 0) 0px, rgba(255, 255, 255, 0.91) 50%, rgb(255, 255, 255) 55%); color: rgb(34, 34, 34); font-family: -apple-system, BlinkMacSystemFont, &quot;Segoe UI&quot;, Roboto, &quot;Helvetica Neue&quot;, Arial, sans-serif, &quot;Apple Color Emoji&quot;, &quot;Segoe UI Emoji&quot;, &quot;Segoe UI Symbol&quot;; font-size: 16px;\"><a class=\"viewmore\" style=\"cursor: pointer; transition: all 0.2s ease 0s; display: inline-block; height: 28px; line-height: 26px; padding: 0px 10px; background: rgb(255, 255, 255); border: 1px solid rgb(0, 90, 255); border-radius: 2px; color: rgb(0, 90, 255) !important;\">Xem thêm&nbsp;<span class=\"far fa-angle-down\" style=\"font-family: &quot;Font Awesome 5 Pro&quot;;\"></span></a></div></div>', 37),
(67, 'CPU AMD RYZEN 5 5600G (3.9GHZ UPTO 4.4GHZ / 19MB / 6 CORES, 12 THREADS / 65W / SOCKET', 1, '250_60386_cpu_amd_ryzen_7_5700g_65w_2.png', 6599000, 0, 45, '- Kích thước (Dài x Sâu x Cao): 121x 80.3 x 21.5mm\r\n- Chụp và in ảnh lấy liền\r\n- Tạo ảnh 2x3 inch chống vết bẩn và chống trầy xước\r\n- Dễ dàng in lại cùng một bức ảnh nhiều lần\r\n- In ảnh của bạn bằng smartphone thông qua Bluetooth\r\n- Đèn flash tự động giúp bạn có được những bức ảnh sống động ngay cả ở nơi tối\r\n- Tương thích với giấy in Canon ZP-2030 (chọn thêm)', '<div class=\"nd title_box_scroll_content_2019 showmore\" style=\"background-color: rgb(255, 255, 255); padding: 10px 10px 0px; border-radius: 0px 3px 3px; box-shadow: rgba(152, 165, 185, 0.2) 0px 0px 4px 0px; max-height: 725px; overflow: hidden; color: rgb(34, 34, 34); font-family: -apple-system, BlinkMacSystemFont, &quot;Segoe UI&quot;, Roboto, &quot;Helvetica Neue&quot;, Arial, sans-serif, &quot;Apple Color Emoji&quot;, &quot;Segoe UI Emoji&quot;, &quot;Segoe UI Symbol&quot;;\"><h2 class=\"ddnb-title spct-title\" style=\"font-weight: 600; font-size: 22px; margin-bottom: 10px; padding-bottom: 10px; border-bottom: 1px solid rgb(234, 237, 241);\">Đánh giá CPU AMD&nbsp;Ryzen 5 5600G (3.9GHz Upto 4.4GHz / 19MB / 6 Cores, 12 Threads / 65W / Socket AM4) chính hãng, bảo hành dài</h2><p><span style=\"font-weight: 700;\">CPU AMD Ryzen 5 5600G</span>&nbsp;là 1 trong những APU đầu bảng Series Ryzen 5000 của AMD. CPU vẫn sử dụng Socket AM4 và có 6 nhân 12 luồng cùng xung nhịp tối đa 4.4Ghz.&nbsp;</p><p>Nổi bật nhất là GPU tích hợp Radeon với 7 nhân CUs, xung nhịp tối đa 1900Mhz và có thể hơn nữa qua quá trình Overclock</p><p><img src=\"https://hanoicomputercdn.com/media/product/60387_cpu_amd_ryzen_5_5600g_65w_socket_am4_22.JPG\" alt=\"CPU AMD Ryzen 5 5600G (3.9GHz Upto 4.4GHz / 19MB / 6 Cores, 12 Threads / 65W / Socket AM4)\" width=\"100%\" class=\"loading\" data-was-processed=\"true\" style=\"border-width: initial; border-color: initial; border-image: initial; max-width: 100%; height: auto;\"></p><h3 style=\"font-weight: 700;\">Khả năng tương thích</h3><p>CPU AMD Ryzen 5 5600G vẫn sử dụng socket AM4 quen thuộc, CPU này có thế sử đụng được với các bo mạch chủ B450 (sau Update Bios), B550 hoặc X570, X570S.&nbsp;</p><h3 style=\"font-weight: 700;\">Hiệu năng</h3><p>CPU AMD Ryzen 5 5600G sở hữu 6 nhân và 12 luồng giống với thế hệ cũ tuy nhiên sức mạnh mỗi nhân đã mạnh hơn rất nhiều. Xung nhịp cơ bản đạt 3.9Ghz và tối đa lên đến 4.4Ghz. Nếu có một chút kiến thức về phần cứng và Overclocking, bạn hoàn toàn có thể đẩy sức mạnh này lên thêm nữa.&nbsp;</p><p><img src=\"https://hanoicomputercdn.com/media/product/60387_cpu_amd_ryzen_5_5600g_65w_socket_am4_11.JPG\" alt=\"CPU AMD Ryzen 5 5600G (3.9GHz Upto 4.4GHz / 19MB / 6 Cores, 12 Threads / 65W / Socket AM4)\" width=\"100%\" style=\"border-width: initial; border-color: initial; border-image: initial; max-width: 100%; height: auto;\"></p><h3 style=\"font-weight: 700;\">GPU tích hợp giá trị</h3><p>Với nhân đồ họa Radeon tích hợp, CPU AMD Ryzen 5 5600G sở hữu hiệu năng đồ họa nhỉnh hơn 1 chút so với GT 1030. Do đó APU này của AMD hoàn toàn có thể chơi tốt các tựa game nhẹ, đặc biệt là các tựa game online.&nbsp;</p><p>&nbsp;</p></div><div class=\"viewmore-area\" style=\"position: absolute; bottom: 0px; left: 0px; right: 0px; width: 766.662px; height: 150px; padding-top: 85px; text-align: center; border-radius: 0px 0px 5px 5px; background: linear-gradient(rgba(255, 255, 255, 0) 0px, rgba(255, 255, 255, 0.91) 50%, rgb(255, 255, 255) 55%); color: rgb(34, 34, 34); font-family: -apple-system, BlinkMacSystemFont, &quot;Segoe UI&quot;, Roboto, &quot;Helvetica Neue&quot;, Arial, sans-serif, &quot;Apple Color Emoji&quot;, &quot;Segoe UI Emoji&quot;, &quot;Segoe UI Symbol&quot;;\"><a class=\"viewmore\" style=\"cursor: pointer; transition: all 0.2s ease 0s; display: inline-block; height: 28px; line-height: 26px; padding: 0px 10px; background: rgb(255, 255, 255); border: 1px solid rgb(0, 90, 255); border-radius: 2px; color: rgb(0, 90, 255) !important;\">Xem thêm&nbsp;<span class=\"far fa-angle-down\" style=\"font-family: &quot;Font Awesome 5 Pro&quot;;\"></span></a></div>', 106);

-- --------------------------------------------------------

--
-- Cấu trúc bảng cho bảng `slideshow`
--

CREATE TABLE `slideshow` (
  `id` int(11) NOT NULL,
  `image` text NOT NULL,
  `link` text NOT NULL
) ENGINE=InnoDB DEFAULT CHARSET=utf8;

--
-- Đang đổ dữ liệu cho bảng `slideshow`
--

INSERT INTO `slideshow` (`id`, `image`, `link`) VALUES
(1, '1.jpg', 'product.php?id=1'),
(3, '2.jpg', 'product.php?id=2'),
(4, '3.jpg', 'product.php?id=3'),
(8, '4.jpg', 'product.php?id=4'),
(9, '6.jpg', 'product.php?id=6');

-- --------------------------------------------------------

--
-- Cấu trúc bảng cho bảng `user`
--

CREATE TABLE `user` (
  `id` int(11) NOT NULL,
  `user` varchar(255) NOT NULL,
  `pass` varchar(255) NOT NULL,
  `name` varchar(255) NOT NULL,
  `image` text NOT NULL,
  `address` text NOT NULL,
  `permission` varchar(55) NOT NULL
) ENGINE=InnoDB DEFAULT CHARSET=utf8;

--
-- Đang đổ dữ liệu cho bảng `user`
--

INSERT INTO `user` (`id`, `user`, `pass`, `name`, `image`, `address`, `permission`) VALUES
(1, 'admin', 'e42d2ffb9097703605c32e83ea1ac20a', 'Linh', '', 'Cao đẳng thực hành FPT Polytechnic', 'Admin'),
(22, 'nguyenvanlinh', '202cb962ac59075b964b07152d234b70', '', '', '', 'khách hàng'),
(23, 'vanlinh', 'c9f0f895fb98ab9159f51fd0297e236d', '', '', '', 'khách hàng'),
(24, 'nguyenvanlinh1', '6512bd43d9caa6e02c990b0a82652dca', '', '', '', 'khách hàng'),
(25, 'zzzz', '0cc175b9c0f1b6a831c399e269772661', '', '', '', 'khách hàng'),
(26, 'maimai', '202cb962ac59075b964b07152d234b70', '', '', '', 'khách hàng');

--
-- Chỉ mục cho các bảng đã đổ
--

--
-- Chỉ mục cho bảng `cart`
--
ALTER TABLE `cart`
  ADD PRIMARY KEY (`id`),
  ADD KEY `idProduct` (`idProduct`),
  ADD KEY `idUser` (`idUser`);

--
-- Chỉ mục cho bảng `category`
--
ALTER TABLE `category`
  ADD PRIMARY KEY (`id`);

--
-- Chỉ mục cho bảng `comment`
--
ALTER TABLE `comment`
  ADD PRIMARY KEY (`id`),
  ADD KEY `id_product` (`id_product`),
  ADD KEY `id_user` (`id_user`);

--
-- Chỉ mục cho bảng `img_product`
--
ALTER TABLE `img_product`
  ADD PRIMARY KEY (`id`),
  ADD KEY `id_product` (`id_product`);

--
-- Chỉ mục cho bảng `info`
--
ALTER TABLE `info`
  ADD PRIMARY KEY (`id`);

--
-- Chỉ mục cho bảng `products`
--
ALTER TABLE `products`
  ADD PRIMARY KEY (`id`),
  ADD KEY `cate_id` (`cate_id`);

--
-- Chỉ mục cho bảng `slideshow`
--
ALTER TABLE `slideshow`
  ADD PRIMARY KEY (`id`);

--
-- Chỉ mục cho bảng `user`
--
ALTER TABLE `user`
  ADD PRIMARY KEY (`id`);

--
-- AUTO_INCREMENT cho các bảng đã đổ
--

--
-- AUTO_INCREMENT cho bảng `cart`
--
ALTER TABLE `cart`
  MODIFY `id` int(11) NOT NULL AUTO_INCREMENT, AUTO_INCREMENT=9;

--
-- AUTO_INCREMENT cho bảng `category`
--
ALTER TABLE `category`
  MODIFY `id` int(11) NOT NULL AUTO_INCREMENT, AUTO_INCREMENT=31;

--
-- AUTO_INCREMENT cho bảng `comment`
--
ALTER TABLE `comment`
  MODIFY `id` int(11) NOT NULL AUTO_INCREMENT, AUTO_INCREMENT=111;

--
-- AUTO_INCREMENT cho bảng `img_product`
--
ALTER TABLE `img_product`
  MODIFY `id` int(11) NOT NULL AUTO_INCREMENT, AUTO_INCREMENT=45;

--
-- AUTO_INCREMENT cho bảng `info`
--
ALTER TABLE `info`
  MODIFY `id` int(11) NOT NULL AUTO_INCREMENT, AUTO_INCREMENT=2;

--
-- AUTO_INCREMENT cho bảng `products`
--
ALTER TABLE `products`
  MODIFY `id` int(11) NOT NULL AUTO_INCREMENT, AUTO_INCREMENT=68;

--
-- AUTO_INCREMENT cho bảng `slideshow`
--
ALTER TABLE `slideshow`
  MODIFY `id` int(11) NOT NULL AUTO_INCREMENT, AUTO_INCREMENT=10;

--
-- AUTO_INCREMENT cho bảng `user`
--
ALTER TABLE `user`
  MODIFY `id` int(11) NOT NULL AUTO_INCREMENT, AUTO_INCREMENT=27;

--
-- Các ràng buộc cho các bảng đã đổ
--

--
-- Các ràng buộc cho bảng `cart`
--
ALTER TABLE `cart`
  ADD CONSTRAINT `cart_ibfk_1` FOREIGN KEY (`idProduct`) REFERENCES `products` (`id`) ON DELETE CASCADE ON UPDATE CASCADE,
  ADD CONSTRAINT `cart_ibfk_2` FOREIGN KEY (`idUser`) REFERENCES `user` (`id`) ON DELETE CASCADE ON UPDATE CASCADE;

--
-- Các ràng buộc cho bảng `comment`
--
ALTER TABLE `comment`
  ADD CONSTRAINT `comment_ibfk_1` FOREIGN KEY (`id_product`) REFERENCES `products` (`id`) ON DELETE CASCADE ON UPDATE CASCADE,
  ADD CONSTRAINT `comment_ibfk_2` FOREIGN KEY (`id_user`) REFERENCES `user` (`id`) ON DELETE CASCADE ON UPDATE CASCADE;

--
-- Các ràng buộc cho bảng `img_product`
--
ALTER TABLE `img_product`
  ADD CONSTRAINT `img_product_ibfk_1` FOREIGN KEY (`id_product`) REFERENCES `products` (`id`) ON DELETE CASCADE ON UPDATE CASCADE;

--
-- Các ràng buộc cho bảng `products`
--
ALTER TABLE `products`
  ADD CONSTRAINT `products_ibfk_1` FOREIGN KEY (`cate_id`) REFERENCES `category` (`id`) ON DELETE CASCADE ON UPDATE CASCADE;
COMMIT;

/*!40101 SET CHARACTER_SET_CLIENT=@OLD_CHARACTER_SET_CLIENT */;
/*!40101 SET CHARACTER_SET_RESULTS=@OLD_CHARACTER_SET_RESULTS */;
/*!40101 SET COLLATION_CONNECTION=@OLD_COLLATION_CONNECTION */;
